"Date","Spot exchange rate, Singapore Dollar into US $                          XUDLSGD"
"04 Oct 18","1.38"
"03 Oct 18","1.376"
"02 Oct 18","1.3731"
"01 Oct 18","1.3711"
"28 Sep 18","1.3664"
"27 Sep 18","1.3663"
"26 Sep 18","1.365"
"25 Sep 18","1.3655"
"24 Sep 18","1.3642"
"21 Sep 18","1.3642"
"20 Sep 18","1.366"
"19 Sep 18","1.3702"
"18 Sep 18","1.3708"
"17 Sep 18","1.3713"
"14 Sep 18","1.372"
"13 Sep 18","1.3716"
"12 Sep 18","1.3756"
"11 Sep 18","1.3777"
"10 Sep 18","1.379"
"07 Sep 18","1.3774"
"06 Sep 18","1.3746"
"05 Sep 18","1.3764"
"04 Sep 18","1.3766"
"03 Sep 18","1.3715"
"31 Aug 18","1.3703"
"30 Aug 18","1.3672"
"29 Aug 18","1.3652"
"28 Aug 18","1.3624"
"24 Aug 18","1.3652"
"23 Aug 18","1.3719"
"22 Aug 18","1.3668"
"21 Aug 18","1.3679"
"20 Aug 18","1.3716"
"17 Aug 18","1.3727"
"16 Aug 18","1.3742"
"15 Aug 18","1.3817"
"14 Aug 18","1.375"
"13 Aug 18","1.3759"
"10 Aug 18","1.3707"
"09 Aug 18","1.3634"
"08 Aug 18","1.3636"
"07 Aug 18","1.364"
"06 Aug 18","1.3684"
"03 Aug 18","1.3654"
"02 Aug 18","1.3671"
"01 Aug 18","1.3617"
"31 Jul 18","1.3614"
"30 Jul 18","1.3609"
"27 Jul 18","1.361"
"26 Jul 18","1.3628"
"25 Jul 18","1.3633"
"24 Jul 18","1.3629"
"23 Jul 18","1.3652"
"20 Jul 18","1.3641"
"19 Jul 18","1.3719"
"18 Jul 18","1.3659"
"17 Jul 18","1.3633"
"16 Jul 18","1.3621"
"13 Jul 18","1.3669"
"12 Jul 18","1.3626"
"11 Jul 18","1.3593"
"10 Jul 18","1.3559"
"09 Jul 18","1.3559"
"06 Jul 18","1.3582"
"05 Jul 18","1.3647"
"04 Jul 18","1.3651"
"03 Jul 18","1.3662"
"02 Jul 18","1.3708"
"29 Jun 18","1.3636"
"28 Jun 18","1.3673"
"27 Jun 18","1.3641"
"26 Jun 18","1.3633"
"25 Jun 18","1.3627"
"22 Jun 18","1.3594"
"21 Jun 18","1.3579"
"20 Jun 18","1.3582"
"19 Jun 18","1.3591"
"18 Jun 18","1.3518"
"15 Jun 18","1.3499"
"14 Jun 18","1.3388"
"13 Jun 18","1.3351"
"12 Jun 18","1.3347"
"11 Jun 18","1.3344"
"08 Jun 18","1.3352"
"07 Jun 18","1.3327"
"06 Jun 18","1.3319"
"05 Jun 18","1.3365"
"04 Jun 18","1.336"
"01 Jun 18","1.3387"
"31 May 18","1.3376"
"30 May 18","1.3407"
"29 May 18","1.3469"
"25 May 18","1.3416"
"24 May 18","1.3401"
"23 May 18","1.3455"
"22 May 18","1.3395"
"21 May 18","1.3429"
"18 May 18","1.3432"
"17 May 18","1.3426"
"16 May 18","1.342"
"15 May 18","1.3438"
"14 May 18","1.3337"
"11 May 18","1.3355"
"10 May 18","1.3412"
"09 May 18","1.3421"
"08 May 18","1.3411"
"04 May 18","1.3351"
"03 May 18","1.3332"
"02 May 18","1.3367"
"01 May 18","1.3337"
"30 Apr 18","1.3241"
"27 Apr 18","1.325"
"26 Apr 18","1.3277"
"25 Apr 18","1.3293"
"24 Apr 18","1.3241"
"23 Apr 18","1.3245"
"20 Apr 18","1.3161"
"19 Apr 18","1.3092"
"18 Apr 18","1.3098"
"17 Apr 18","1.3109"
"16 Apr 18","1.3118"
"13 Apr 18","1.3115"
"12 Apr 18","1.3128"
"11 Apr 18","1.3085"
"10 Apr 18","1.309"
"09 Apr 18","1.3114"
"06 Apr 18","1.3174"
"05 Apr 18","1.3167"
"04 Apr 18","1.3132"
"03 Apr 18","1.3108"
"29 Mar 18","1.3112"
"28 Mar 18","1.31"
"27 Mar 18","1.3093"
"26 Mar 18","1.3107"
"23 Mar 18","1.3137"
"22 Mar 18","1.3167"
"21 Mar 18","1.3175"
"20 Mar 18","1.3183"
"19 Mar 18","1.3176"
"16 Mar 18","1.3174"
"15 Mar 18","1.312"
"14 Mar 18","1.3089"
"13 Mar 18","1.3106"
"12 Mar 18","1.3134"
"09 Mar 18","1.3154"
"08 Mar 18","1.3178"
"07 Mar 18","1.3151"
"06 Mar 18","1.3163"
"05 Mar 18","1.3187"
"02 Mar 18","1.3219"
"01 Mar 18","1.3272"
"28 Feb 18","1.323"
"27 Feb 18","1.3234"
"26 Feb 18","1.318"
"23 Feb 18","1.3212"
"22 Feb 18","1.3191"
"21 Feb 18","1.3202"
"20 Feb 18","1.3184"
"19 Feb 18","1.3141"
"16 Feb 18","1.3108"
"15 Feb 18","1.3123"
"14 Feb 18","1.3177"
"13 Feb 18","1.3224"
"12 Feb 18","1.3248"
"09 Feb 18","1.3297"
"08 Feb 18","1.3302"
"07 Feb 18","1.3218"
"06 Feb 18","1.3215"
"05 Feb 18","1.3185"
"02 Feb 18","1.3189"
"01 Feb 18","1.3106"
"31 Jan 18","1.3091"
"30 Jan 18","1.3111"
"29 Jan 18","1.3121"
"26 Jan 18","1.3076"
"25 Jan 18","1.3035"
"24 Jan 18","1.3088"
"23 Jan 18","1.3182"
"22 Jan 18","1.3191"
"19 Jan 18","1.3207"
"18 Jan 18","1.3216"
"17 Jan 18","1.3226"
"16 Jan 18","1.3235"
"15 Jan 18","1.322"
"12 Jan 18","1.3275"
"11 Jan 18","1.3294"
"10 Jan 18","1.3337"
"09 Jan 18","1.3353"
"08 Jan 18","1.3322"
"05 Jan 18","1.3273"
"04 Jan 18","1.3286"
"03 Jan 18","1.3293"
"02 Jan 18","1.3293"
"29 Dec 17","1.3359"
"28 Dec 17","1.3372"
"27 Dec 17","1.3388"
"22 Dec 17","1.3443"
"21 Dec 17","1.3441"
"20 Dec 17","1.3449"
"19 Dec 17","1.3483"
"18 Dec 17","1.3467"
"15 Dec 17","1.3479"
"14 Dec 17","1.3469"
"13 Dec 17","1.3504"
"12 Dec 17","1.3536"
"11 Dec 17","1.3505"
"08 Dec 17","1.3528"
"07 Dec 17","1.35"
"06 Dec 17","1.3491"
"05 Dec 17","1.3479"
"04 Dec 17","1.349"
"01 Dec 17","1.3472"
"30 Nov 17","1.3468"
"29 Nov 17","1.3472"
"28 Nov 17","1.3454"
"27 Nov 17","1.3455"
"24 Nov 17","1.3452"
"23 Nov 17","1.3463"
"22 Nov 17","1.3496"
"21 Nov 17","1.3547"
"20 Nov 17","1.357"
"17 Nov 17","1.3555"
"16 Nov 17","1.3561"
"15 Nov 17","1.3568"
"14 Nov 17","1.3608"
"13 Nov 17","1.3617"
"10 Nov 17","1.3593"
"09 Nov 17","1.3607"
"08 Nov 17","1.362"
"07 Nov 17","1.3643"
"06 Nov 17","1.364"
"03 Nov 17","1.3637"
"02 Nov 17","1.3593"
"01 Nov 17","1.3609"
"31 Oct 17","1.3625"
"30 Oct 17","1.3612"
"27 Oct 17","1.3676"
"26 Oct 17","1.3639"
"25 Oct 17","1.3609"
"24 Oct 17","1.3627"
"23 Oct 17","1.3626"
"20 Oct 17","1.3607"
"19 Oct 17","1.3556"
"18 Oct 17","1.3577"
"17 Oct 17","1.3567"
"16 Oct 17","1.3521"
"13 Oct 17","1.3504"
"12 Oct 17","1.3535"
"11 Oct 17","1.3556"
"10 Oct 17","1.3553"
"09 Oct 17","1.3632"
"06 Oct 17","1.3655"
"05 Oct 17","1.3632"
"04 Oct 17","1.3616"
"03 Oct 17","1.3621"
"02 Oct 17","1.362"
"29 Sep 17","1.3579"
"28 Sep 17","1.3591"
"27 Sep 17","1.3589"
"26 Sep 17","1.3564"
"25 Sep 17","1.3507"
"22 Sep 17","1.3445"
"21 Sep 17","1.3514"
"20 Sep 17","1.3436"
"19 Sep 17","1.3475"
"18 Sep 17","1.3474"
"15 Sep 17","1.3457"
"14 Sep 17","1.3505"
"13 Sep 17","1.3485"
"12 Sep 17","1.3471"
"11 Sep 17","1.345"
"08 Sep 17","1.3415"
"07 Sep 17","1.341"
"06 Sep 17","1.3504"
"05 Sep 17","1.3521"
"04 Sep 17","1.3561"
"01 Sep 17","1.3573"
"31 Aug 17","1.3584"
"30 Aug 17","1.3569"
"29 Aug 17","1.3512"
"25 Aug 17","1.3557"
"24 Aug 17","1.3614"
"23 Aug 17","1.3613"
"22 Aug 17","1.3616"
"21 Aug 17","1.3609"
"18 Aug 17","1.3634"
"17 Aug 17","1.3648"
"16 Aug 17","1.3673"
"15 Aug 17","1.3681"
"14 Aug 17","1.3621"
"11 Aug 17","1.3621"
"10 Aug 17","1.3635"
"09 Aug 17","1.3633"
"08 Aug 17","1.3636"
"07 Aug 17","1.3631"
"04 Aug 17","1.3607"
"03 Aug 17","1.3588"
"02 Aug 17","1.3579"
"01 Aug 17","1.3566"
"31 Jul 17","1.3575"
"28 Jul 17","1.3571"
"27 Jul 17","1.3603"
"26 Jul 17","1.3609"
"25 Jul 17","1.3617"
"24 Jul 17","1.3619"
"21 Jul 17","1.3629"
"20 Jul 17","1.3659"
"19 Jul 17","1.3683"
"18 Jul 17","1.3662"
"17 Jul 17","1.3694"
"14 Jul 17","1.3713"
"13 Jul 17","1.3771"
"12 Jul 17","1.3777"
"11 Jul 17","1.3849"
"10 Jul 17","1.3853"
"07 Jul 17","1.3819"
"06 Jul 17","1.3831"
"05 Jul 17","1.3831"
"04 Jul 17","1.3824"
"03 Jul 17","1.382"
"30 Jun 17","1.377"
"29 Jun 17","1.3803"
"28 Jun 17","1.3828"
"27 Jun 17","1.387"
"26 Jun 17","1.3876"
"23 Jun 17","1.3866"
"22 Jun 17","1.3908"
"21 Jun 17","1.3912"
"20 Jun 17","1.3903"
"19 Jun 17","1.3854"
"16 Jun 17","1.3826"
"15 Jun 17","1.3831"
"14 Jun 17","1.3714"
"13 Jun 17","1.3816"
"12 Jun 17","1.3844"
"09 Jun 17","1.3844"
"08 Jun 17","1.3823"
"07 Jun 17","1.38"
"06 Jun 17","1.3797"
"05 Jun 17","1.3815"
"02 Jun 17","1.3818"
"01 Jun 17","1.3859"
"31 May 17","1.3834"
"30 May 17","1.3852"
"26 May 17","1.3817"
"25 May 17","1.3848"
"24 May 17","1.3888"
"23 May 17","1.3883"
"22 May 17","1.3857"
"19 May 17","1.3855"
"18 May 17","1.3921"
"17 May 17","1.3912"
"16 May 17","1.3948"
"15 May 17","1.3983"
"12 May 17","1.4038"
"11 May 17","1.4085"
"10 May 17","1.4099"
"09 May 17","1.4104"
"08 May 17","1.4049"
"05 May 17","1.4041"
"04 May 17","1.4011"
"03 May 17","1.3953"
"02 May 17","1.3959"
"28 Apr 17","1.3979"
"27 Apr 17","1.3975"
"26 Apr 17","1.3976"
"25 Apr 17","1.3934"
"24 Apr 17","1.3925"
"21 Apr 17","1.3977"
"20 Apr 17","1.3967"
"19 Apr 17","1.398"
"18 Apr 17","1.3976"
"13 Apr 17","1.3973"
"12 Apr 17","1.3996"
"11 Apr 17","1.4026"
"10 Apr 17","1.4051"
"07 Apr 17","1.4022"
"06 Apr 17","1.4014"
"05 Apr 17","1.4007"
"04 Apr 17","1.3992"
"03 Apr 17","1.3969"
"31 Mar 17","1.3973"
"30 Mar 17","1.3941"
"29 Mar 17","1.3953"
"28 Mar 17","1.392"
"27 Mar 17","1.3934"
"24 Mar 17","1.399"
"23 Mar 17","1.3991"
"22 Mar 17","1.3983"
"21 Mar 17","1.3985"
"20 Mar 17","1.3959"
"17 Mar 17","1.4022"
"16 Mar 17","1.4014"
"15 Mar 17","1.4121"
"14 Mar 17","1.4142"
"13 Mar 17","1.4132"
"10 Mar 17","1.4144"
"09 Mar 17","1.4211"
"08 Mar 17","1.4175"
"07 Mar 17","1.4111"
"06 Mar 17","1.4112"
"03 Mar 17","1.4158"
"02 Mar 17","1.4114"
"01 Mar 17","1.41"
"28 Feb 17","1.3985"
"27 Feb 17","1.4018"
"24 Feb 17","1.4052"
"23 Feb 17","1.4053"
"22 Feb 17","1.4174"
"21 Feb 17","1.4212"
"20 Feb 17","1.4182"
"17 Feb 17","1.4184"
"16 Feb 17","1.4181"
"15 Feb 17","1.4232"
"14 Feb 17","1.4218"
"13 Feb 17","1.4231"
"10 Feb 17","1.4209"
"09 Feb 17","1.419"
"08 Feb 17","1.4146"
"07 Feb 17","1.4167"
"06 Feb 17","1.4113"
"03 Feb 17","1.407"
"02 Feb 17","1.4087"
"01 Feb 17","1.4157"
"31 Jan 17","1.4086"
"30 Jan 17","1.4233"
"27 Jan 17","1.4271"
"26 Jan 17","1.4252"
"25 Jan 17","1.4175"
"24 Jan 17","1.417"
"23 Jan 17","1.4184"
"20 Jan 17","1.4266"
"19 Jan 17","1.4297"
"18 Jan 17","1.4211"
"17 Jan 17","1.4181"
"16 Jan 17","1.4294"
"13 Jan 17","1.4309"
"12 Jan 17","1.4249"
"11 Jan 17","1.4384"
"10 Jan 17","1.4333"
"09 Jan 17","1.4371"
"06 Jan 17","1.436"
"05 Jan 17","1.4289"
"04 Jan 17","1.4404"
"03 Jan 17","1.4515"
"30 Dec 16","1.445"
"29 Dec 16","1.45"
"28 Dec 16","1.4525"
"23 Dec 16","1.4461"
"22 Dec 16","1.4475"
"21 Dec 16","1.4435"
"20 Dec 16","1.4452"
"19 Dec 16","1.4471"
"16 Dec 16","1.4481"
"15 Dec 16","1.4436"
"14 Dec 16","1.4232"
"13 Dec 16","1.4248"
"12 Dec 16","1.426"
"09 Dec 16","1.4316"
"08 Dec 16","1.4242"
"07 Dec 16","1.4185"
"06 Dec 16","1.4189"
"05 Dec 16","1.4221"
"02 Dec 16","1.4215"
"01 Dec 16","1.4282"
"30 Nov 16","1.4324"
"29 Nov 16","1.4284"
"28 Nov 16","1.4267"
"25 Nov 16","1.4283"
"24 Nov 16","1.4312"
"23 Nov 16","1.4345"
"22 Nov 16","1.4268"
"21 Nov 16","1.4243"
"18 Nov 16","1.4267"
"17 Nov 16","1.4162"
"16 Nov 16","1.4176"
"15 Nov 16","1.4159"
"14 Nov 16","1.4173"
"11 Nov 16","1.4125"
"10 Nov 16","1.4092"
"09 Nov 16","1.3959"
"08 Nov 16","1.3888"
"07 Nov 16","1.3905"
"04 Nov 16","1.3834"
"03 Nov 16","1.3844"
"02 Nov 16","1.3826"
"01 Nov 16","1.3888"
"31 Oct 16","1.3917"
"28 Oct 16","1.3929"
"27 Oct 16","1.3953"
"26 Oct 16","1.3892"
"25 Oct 16","1.3929"
"24 Oct 16","1.3936"
"21 Oct 16","1.3955"
"20 Oct 16","1.3925"
"19 Oct 16","1.3871"
"18 Oct 16","1.3862"
"17 Oct 16","1.39"
"14 Oct 16","1.3891"
"13 Oct 16","1.3858"
"12 Oct 16","1.3839"
"11 Oct 16","1.379"
"10 Oct 16","1.3749"
"07 Oct 16","1.373"
"06 Oct 16","1.3732"
"05 Oct 16","1.3709"
"04 Oct 16","1.3698"
"03 Oct 16","1.3658"
"30 Sep 16","1.3636"
"29 Sep 16","1.3628"
"28 Sep 16","1.362"
"27 Sep 16","1.3614"
"26 Sep 16","1.3596"
"23 Sep 16","1.3592"
"22 Sep 16","1.3541"
"21 Sep 16","1.3597"
"20 Sep 16","1.3617"
"19 Sep 16","1.361"
"16 Sep 16","1.3676"
"15 Sep 16","1.3634"
"14 Sep 16","1.3649"
"13 Sep 16","1.3649"
"12 Sep 16","1.3596"
"09 Sep 16","1.3588"
"08 Sep 16","1.347"
"07 Sep 16","1.3459"
"06 Sep 16","1.3477"
"05 Sep 16","1.3571"
"02 Sep 16","1.36"
"01 Sep 16","1.3588"
"31 Aug 16","1.3628"
"30 Aug 16","1.3643"
"26 Aug 16","1.3509"
"25 Aug 16","1.3539"
"24 Aug 16","1.3556"
"23 Aug 16","1.3497"
"22 Aug 16","1.3499"
"19 Aug 16","1.3472"
"18 Aug 16","1.3404"
"17 Aug 16","1.3442"
"16 Aug 16","1.3408"
"15 Aug 16","1.3417"
"12 Aug 16","1.3445"
"11 Aug 16","1.3426"
"10 Aug 16","1.34"
"09 Aug 16","1.3451"
"08 Aug 16","1.3483"
"05 Aug 16","1.348"
"04 Aug 16","1.3428"
"03 Aug 16","1.3423"
"02 Aug 16","1.3383"
"01 Aug 16","1.3408"
"29 Jul 16","1.3438"
"28 Jul 16","1.3532"
"27 Jul 16","1.357"
"26 Jul 16","1.3593"
"25 Jul 16","1.3629"
"22 Jul 16","1.3575"
"21 Jul 16","1.3568"
"20 Jul 16","1.3578"
"19 Jul 16","1.354"
"18 Jul 16","1.3492"
"15 Jul 16","1.3476"
"14 Jul 16","1.3419"
"13 Jul 16","1.3469"
"12 Jul 16","1.348"
"11 Jul 16","1.3496"
"08 Jul 16","1.3455"
"07 Jul 16","1.3489"
"06 Jul 16","1.352"
"05 Jul 16","1.3496"
"04 Jul 16","1.3448"
"01 Jul 16","1.3442"
"30 Jun 16","1.3461"
"29 Jun 16","1.3467"
"28 Jun 16","1.3561"
"27 Jun 16","1.3633"
"24 Jun 16","1.3492"
"23 Jun 16","1.3408"
"22 Jun 16","1.3405"
"21 Jun 16","1.3424"
"20 Jun 16","1.3427"
"17 Jun 16","1.3505"
"16 Jun 16","1.3537"
"15 Jun 16","1.3546"
"14 Jun 16","1.3558"
"13 Jun 16","1.3536"
"10 Jun 16","1.3556"
"09 Jun 16","1.3514"
"08 Jun 16","1.3469"
"07 Jun 16","1.3532"
"06 Jun 16","1.3575"
"03 Jun 16","1.3604"
"02 Jun 16","1.375"
"01 Jun 16","1.3779"
"31 May 16","1.3764"
"27 May 16","1.376"
"26 May 16","1.3747"
"25 May 16","1.3795"
"24 May 16","1.3812"
"23 May 16","1.3794"
"20 May 16","1.3822"
"19 May 16","1.3804"
"18 May 16","1.3777"
"17 May 16","1.3674"
"16 May 16","1.3687"
"13 May 16","1.3726"
"12 May 16","1.3698"
"11 May 16","1.3658"
"10 May 16","1.3693"
"09 May 16","1.3692"
"06 May 16","1.3601"
"05 May 16","1.3602"
"04 May 16","1.3569"
"03 May 16","1.3511"
"29 Apr 16","1.3442"
"28 Apr 16","1.3478"
"27 Apr 16","1.3509"
"26 Apr 16","1.3517"
"25 Apr 16","1.3513"
"22 Apr 16","1.3525"
"21 Apr 16","1.348"
"20 Apr 16","1.3421"
"19 Apr 16","1.3363"
"18 Apr 16","1.3528"
"15 Apr 16","1.3579"
"14 Apr 16","1.3633"
"13 Apr 16","1.3526"
"12 Apr 16","1.3475"
"11 Apr 16","1.3431"
"08 Apr 16","1.3476"
"07 Apr 16","1.3521"
"06 Apr 16","1.3515"
"05 Apr 16","1.3571"
"04 Apr 16","1.3514"
"01 Apr 16","1.3516"
"31 Mar 16","1.3466"
"30 Mar 16","1.3483"
"29 Mar 16","1.3662"
"24 Mar 16","1.3708"
"23 Mar 16","1.3663"
"22 Mar 16","1.3614"
"21 Mar 16","1.3584"
"18 Mar 16","1.3571"
"17 Mar 16","1.3509"
"16 Mar 16","1.3835"
"15 Mar 16","1.3809"
"14 Mar 16","1.3766"
"11 Mar 16","1.3721"
"10 Mar 16","1.3802"
"09 Mar 16","1.3788"
"08 Mar 16","1.3852"
"07 Mar 16","1.379"
"04 Mar 16","1.376"
"03 Mar 16","1.3888"
"02 Mar 16","1.4001"
"01 Mar 16","1.4033"
"29 Feb 16","1.4067"
"26 Feb 16","1.4066"
"25 Feb 16","1.4023"
"24 Feb 16","1.4067"
"23 Feb 16","1.4083"
"22 Feb 16","1.4003"
"19 Feb 16","1.4073"
"18 Feb 16","1.4031"
"17 Feb 16","1.4062"
"16 Feb 16","1.4054"
"15 Feb 16","1.4005"
"12 Feb 16","1.3975"
"11 Feb 16","1.3916"
"10 Feb 16","1.3951"
"09 Feb 16","1.396"
"08 Feb 16","1.4069"
"05 Feb 16","1.4057"
"04 Feb 16","1.3956"
"03 Feb 16","1.4244"
"02 Feb 16","1.4276"
"01 Feb 16","1.4239"
"29 Jan 16","1.4231"
"28 Jan 16","1.4267"
"27 Jan 16","1.4302"
"26 Jan 16","1.426"
"25 Jan 16","1.4276"
"22 Jan 16","1.4274"
"21 Jan 16","1.4371"
"20 Jan 16","1.4407"
"19 Jan 16","1.4367"
"18 Jan 16","1.4392"
"15 Jan 16","1.4403"
"14 Jan 16","1.4378"
"13 Jan 16","1.4334"
"12 Jan 16","1.438"
"11 Jan 16","1.4344"
"08 Jan 16","1.4415"
"07 Jan 16","1.4329"
"06 Jan 16","1.4374"
"05 Jan 16","1.4279"
"04 Jan 16","1.4264"
"31 Dec 15","1.4137"
"30 Dec 15","1.4156"
"29 Dec 15","1.4144"
"24 Dec 15","1.4056"
"23 Dec 15","1.4055"
"22 Dec 15","1.4039"
"21 Dec 15","1.408"
"18 Dec 15","1.4143"
"17 Dec 15","1.4206"
"16 Dec 15","1.4088"
"15 Dec 15","1.408"
"14 Dec 15","1.4088"
"11 Dec 15","1.4129"
"10 Dec 15","1.402"
"09 Dec 15","1.4041"
"08 Dec 15","1.4093"
"07 Dec 15","1.4034"
"04 Dec 15","1.3955"
"03 Dec 15","1.4024"
"02 Dec 15","1.4123"
"01 Dec 15","1.408"
"30 Nov 15","1.4089"
"27 Nov 15","1.413"
"26 Nov 15","1.4076"
"25 Nov 15","1.4079"
"24 Nov 15","1.413"
"23 Nov 15","1.4185"
"20 Nov 15","1.4127"
"19 Nov 15","1.4141"
"18 Nov 15","1.4229"
"17 Nov 15","1.423"
"16 Nov 15","1.4226"
"13 Nov 15","1.4245"
"12 Nov 15","1.4205"
"11 Nov 15","1.4218"
"10 Nov 15","1.4224"
"09 Nov 15","1.4241"
"06 Nov 15","1.4204"
"05 Nov 15","1.406"
"04 Nov 15","1.4032"
"03 Nov 15","1.3989"
"02 Nov 15","1.4022"
"30 Oct 15","1.4004"
"29 Oct 15","1.4044"
"28 Oct 15","1.3926"
"27 Oct 15","1.3951"
"26 Oct 15","1.3917"
"23 Oct 15","1.3954"
"22 Oct 15","1.3944"
"21 Oct 15","1.3936"
"20 Oct 15","1.3914"
"19 Oct 15","1.3857"
"16 Oct 15","1.3814"
"15 Oct 15","1.3799"
"14 Oct 15","1.3845"
"13 Oct 15","1.4006"
"12 Oct 15","1.3977"
"09 Oct 15","1.3937"
"08 Oct 15","1.4107"
"07 Oct 15","1.4098"
"06 Oct 15","1.4233"
"05 Oct 15","1.4229"
"02 Oct 15","1.4322"
"01 Oct 15","1.429"
"30 Sep 15","1.4219"
"29 Sep 15","1.4281"
"28 Sep 15","1.4283"
"25 Sep 15","1.4224"
"24 Sep 15","1.4261"
"23 Sep 15","1.4254"
"22 Sep 15","1.4191"
"21 Sep 15","1.4104"
"18 Sep 15","1.3948"
"17 Sep 15","1.4012"
"16 Sep 15","1.3976"
"15 Sep 15","1.4034"
"14 Sep 15","1.4065"
"11 Sep 15","1.4159"
"10 Sep 15","1.4162"
"09 Sep 15","1.4143"
"08 Sep 15","1.4189"
"07 Sep 15","1.4281"
"04 Sep 15","1.4227"
"03 Sep 15","1.4155"
"02 Sep 15","1.4178"
"01 Sep 15","1.4124"
"28 Aug 15","1.4061"
"27 Aug 15","1.4005"
"26 Aug 15","1.4062"
"25 Aug 15","1.4009"
"24 Aug 15","1.4082"
"21 Aug 15","1.4046"
"20 Aug 15","1.4039"
"19 Aug 15","1.4049"
"18 Aug 15","1.4044"
"17 Aug 15","1.4077"
"14 Aug 15","1.4056"
"13 Aug 15","1.3988"
"12 Aug 15","1.4014"
"11 Aug 15","1.4046"
"10 Aug 15","1.3847"
"07 Aug 15","1.3854"
"06 Aug 15","1.3855"
"05 Aug 15","1.3861"
"04 Aug 15","1.3769"
"03 Aug 15","1.3772"
"31 Jul 15","1.3686"
"30 Jul 15","1.3757"
"29 Jul 15","1.3661"
"28 Jul 15","1.3657"
"27 Jul 15","1.3674"
"24 Jul 15","1.3728"
"23 Jul 15","1.3685"
"22 Jul 15","1.3661"
"21 Jul 15","1.3632"
"20 Jul 15","1.3714"
"17 Jul 15","1.3661"
"16 Jul 15","1.3649"
"15 Jul 15","1.3663"
"14 Jul 15","1.3613"
"13 Jul 15","1.3582"
"10 Jul 15","1.3501"
"09 Jul 15","1.351"
"08 Jul 15","1.3527"
"07 Jul 15","1.3579"
"06 Jul 15","1.3488"
"03 Jul 15","1.3476"
"02 Jul 15","1.3482"
"01 Jul 15","1.3515"
"30 Jun 15","1.3467"
"29 Jun 15","1.3494"
"26 Jun 15","1.3497"
"25 Jun 15","1.3439"
"24 Jun 15","1.3453"
"23 Jun 15","1.3408"
"22 Jun 15","1.3352"
"19 Jun 15","1.3354"
"18 Jun 15","1.3332"
"17 Jun 15","1.3483"
"16 Jun 15","1.3442"
"15 Jun 15","1.3465"
"12 Jun 15","1.3439"
"11 Jun 15","1.3469"
"10 Jun 15","1.3417"
"09 Jun 15","1.3533"
"08 Jun 15","1.3582"
"05 Jun 15","1.3577"
"04 Jun 15","1.3471"
"03 Jun 15","1.3419"
"02 Jun 15","1.349"
"01 Jun 15","1.3537"
"29 May 15","1.3487"
"28 May 15","1.3517"
"27 May 15","1.353"
"26 May 15","1.3487"
"22 May 15","1.3365"
"21 May 15","1.3375"
"20 May 15","1.3377"
"19 May 15","1.3359"
"18 May 15","1.325"
"15 May 15","1.3196"
"14 May 15","1.3188"
"13 May 15","1.3251"
"12 May 15","1.3358"
"11 May 15","1.3351"
"08 May 15","1.3302"
"07 May 15","1.3326"
"06 May 15","1.323"
"05 May 15","1.3332"
"01 May 15","1.3284"
"30 Apr 15","1.3247"
"29 Apr 15","1.3174"
"28 Apr 15","1.3172"
"27 Apr 15","1.3291"
"24 Apr 15","1.3328"
"23 Apr 15","1.3459"
"22 Apr 15","1.3461"
"21 Apr 15","1.3507"
"20 Apr 15","1.3485"
"17 Apr 15","1.3462"
"16 Apr 15","1.3543"
"15 Apr 15","1.3606"
"14 Apr 15","1.3583"
"13 Apr 15","1.3746"
"10 Apr 15","1.365"
"09 Apr 15","1.3579"
"08 Apr 15","1.3564"
"07 Apr 15","1.3589"
"02 Apr 15","1.3584"
"01 Apr 15","1.3642"
"31 Mar 15","1.3718"
"30 Mar 15","1.3751"
"27 Mar 15","1.3684"
"26 Mar 15","1.3681"
"25 Mar 15","1.368"
"24 Mar 15","1.3679"
"23 Mar 15","1.3671"
"20 Mar 15","1.3826"
"19 Mar 15","1.3898"
"18 Mar 15","1.3894"
"17 Mar 15","1.3895"
"16 Mar 15","1.3891"
"13 Mar 15","1.3913"
"12 Mar 15","1.3796"
"11 Mar 15","1.3864"
"10 Mar 15","1.3881"
"09 Mar 15","1.3793"
"06 Mar 15","1.3797"
"05 Mar 15","1.3709"
"04 Mar 15","1.3673"
"03 Mar 15","1.3625"
"02 Mar 15","1.3648"
"27 Feb 15","1.3598"
"26 Feb 15","1.357"
"25 Feb 15","1.3539"
"24 Feb 15","1.3583"
"23 Feb 15","1.3586"
"20 Feb 15","1.359"
"19 Feb 15","1.3582"
"18 Feb 15","1.3596"
"17 Feb 15","1.3561"
"16 Feb 15","1.3565"
"13 Feb 15","1.3544"
"12 Feb 15","1.3575"
"11 Feb 15","1.3615"
"10 Feb 15","1.3553"
"09 Feb 15","1.3536"
"06 Feb 15","1.3518"
"05 Feb 15","1.3451"
"04 Feb 15","1.3468"
"03 Feb 15","1.347"
"02 Feb 15","1.3515"
"30 Jan 15","1.3532"
"29 Jan 15","1.3515"
"28 Jan 15","1.3524"
"27 Jan 15","1.3395"
"26 Jan 15","1.3425"
"23 Jan 15","1.3445"
"22 Jan 15","1.335"
"21 Jan 15","1.3332"
"20 Jan 15","1.338"
"19 Jan 15","1.3335"
"16 Jan 15","1.3274"
"15 Jan 15","1.3289"
"14 Jan 15","1.3335"
"13 Jan 15","1.3348"
"12 Jan 15","1.3355"
"09 Jan 15","1.3338"
"08 Jan 15","1.3384"
"07 Jan 15","1.3406"
"06 Jan 15","1.3333"
"05 Jan 15","1.3352"
"02 Jan 15","1.3297"
"31 Dec 14","1.3212"
"30 Dec 14","1.3213"
"29 Dec 14","1.3221"
"24 Dec 14","1.3231"
"23 Dec 14","1.323"
"22 Dec 14","1.3189"
"19 Dec 14","1.3163"
"18 Dec 14","1.3147"
"17 Dec 14","1.3071"
"16 Dec 14","1.3029"
"15 Dec 14","1.3135"
"12 Dec 14","1.3123"
"11 Dec 14","1.3152"
"10 Dec 14","1.312"
"09 Dec 14","1.3152"
"08 Dec 14","1.3204"
"05 Dec 14","1.3224"
"04 Dec 14","1.3111"
"03 Dec 14","1.3107"
"02 Dec 14","1.3091"
"01 Dec 14","1.3054"
"28 Nov 14","1.3035"
"27 Nov 14","1.2985"
"26 Nov 14","1.298"
"25 Nov 14","1.3015"
"24 Nov 14","1.3044"
"21 Nov 14","1.2978"
"20 Nov 14","1.2999"
"19 Nov 14","1.3064"
"18 Nov 14","1.2962"
"17 Nov 14","1.2981"
"14 Nov 14","1.2988"
"13 Nov 14","1.2909"
"12 Nov 14","1.2889"
"11 Nov 14","1.2933"
"10 Nov 14","1.2908"
"07 Nov 14","1.2926"
"06 Nov 14","1.2936"
"05 Nov 14","1.2945"
"04 Nov 14","1.2897"
"03 Nov 14","1.2911"
"31 Oct 14","1.2856"
"30 Oct 14","1.2768"
"29 Oct 14","1.2706"
"28 Oct 14","1.2725"
"27 Oct 14","1.2748"
"24 Oct 14","1.2761"
"23 Oct 14","1.2755"
"22 Oct 14","1.2721"
"21 Oct 14","1.2714"
"20 Oct 14","1.2709"
"17 Oct 14","1.2753"
"16 Oct 14","1.2749"
"15 Oct 14","1.2727"
"14 Oct 14","1.2746"
"13 Oct 14","1.2722"
"10 Oct 14","1.2737"
"09 Oct 14","1.2699"
"08 Oct 14","1.2777"
"07 Oct 14","1.2761"
"06 Oct 14","1.278"
"03 Oct 14","1.2821"
"02 Oct 14","1.272"
"01 Oct 14","1.275"
"30 Sep 14","1.2753"
"29 Sep 14","1.2747"
"26 Sep 14","1.273"
"25 Sep 14","1.2679"
"24 Sep 14","1.2666"
"23 Sep 14","1.2687"
"22 Sep 14","1.2698"
"19 Sep 14","1.2663"
"18 Sep 14","1.2669"
"17 Sep 14","1.2638"
"16 Sep 14","1.2614"
"15 Sep 14","1.2637"
"12 Sep 14","1.2632"
"11 Sep 14","1.2629"
"10 Sep 14","1.2642"
"09 Sep 14","1.2626"
"08 Sep 14","1.2557"
"05 Sep 14","1.2535"
"04 Sep 14","1.2541"
"03 Sep 14","1.2518"
"02 Sep 14","1.2537"
"01 Sep 14","1.2492"
"29 Aug 14","1.2479"
"28 Aug 14","1.249"
"27 Aug 14","1.2468"
"26 Aug 14","1.2488"
"22 Aug 14","1.2491"
"21 Aug 14","1.2493"
"20 Aug 14","1.2499"
"19 Aug 14","1.2464"
"18 Aug 14","1.2446"
"15 Aug 14","1.2462"
"14 Aug 14","1.2454"
"13 Aug 14","1.2482"
"12 Aug 14","1.2506"
"11 Aug 14","1.2495"
"08 Aug 14","1.2509"
"07 Aug 14","1.2514"
"06 Aug 14","1.2493"
"05 Aug 14","1.2488"
"04 Aug 14","1.246"
"01 Aug 14","1.2463"
"31 Jul 14","1.2477"
"30 Jul 14","1.2456"
"29 Jul 14","1.2427"
"28 Jul 14","1.2414"
"25 Jul 14","1.2409"
"24 Jul 14","1.2406"
"23 Jul 14","1.238"
"22 Jul 14","1.2399"
"21 Jul 14","1.2407"
"18 Jul 14","1.2411"
"17 Jul 14","1.2418"
"16 Jul 14","1.2423"
"15 Jul 14","1.2441"
"14 Jul 14","1.2406"
"11 Jul 14","1.2409"
"10 Jul 14","1.2422"
"09 Jul 14","1.242"
"08 Jul 14","1.243"
"07 Jul 14","1.2469"
"04 Jul 14","1.2452"
"03 Jul 14","1.2469"
"02 Jul 14","1.2475"
"01 Jul 14","1.2462"
"30 Jun 14","1.2468"
"27 Jun 14","1.2494"
"26 Jun 14","1.2503"
"25 Jun 14","1.2499"
"24 Jun 14","1.2491"
"23 Jun 14","1.2487"
"20 Jun 14","1.2509"
"19 Jun 14","1.2493"
"18 Jun 14","1.2517"
"17 Jun 14","1.2539"
"16 Jun 14","1.2504"
"13 Jun 14","1.2501"
"12 Jun 14","1.2488"
"11 Jun 14","1.25"
"10 Jun 14","1.2497"
"09 Jun 14","1.2501"
"06 Jun 14","1.2517"
"05 Jun 14","1.2567"
"04 Jun 14","1.2573"
"03 Jun 14","1.2572"
"02 Jun 14","1.2561"
"30 May 14","1.2536"
"29 May 14","1.2542"
"28 May 14","1.2556"
"27 May 14","1.2563"
"23 May 14","1.252"
"22 May 14","1.2516"
"21 May 14","1.2519"
"20 May 14","1.2521"
"19 May 14","1.2496"
"16 May 14","1.2508"
"15 May 14","1.2517"
"14 May 14","1.2501"
"13 May 14","1.252"
"12 May 14","1.251"
"09 May 14","1.249"
"08 May 14","1.2461"
"07 May 14","1.2486"
"06 May 14","1.2472"
"02 May 14","1.2534"
"01 May 14","1.2524"
"30 Apr 14","1.2553"
"29 Apr 14","1.2555"
"28 Apr 14","1.2569"
"25 Apr 14","1.256"
"24 Apr 14","1.2583"
"23 Apr 14","1.258"
"22 Apr 14","1.2565"
"17 Apr 14","1.2504"
"16 Apr 14","1.2502"
"15 Apr 14","1.2535"
"14 Apr 14","1.2521"
"11 Apr 14","1.2479"
"10 Apr 14","1.2485"
"09 Apr 14","1.248"
"08 Apr 14","1.253"
"07 Apr 14","1.2598"
"04 Apr 14","1.2599"
"03 Apr 14","1.2631"
"02 Apr 14","1.2617"
"01 Apr 14","1.2592"
"31 Mar 14","1.2577"
"28 Mar 14","1.2595"
"27 Mar 14","1.2644"
"26 Mar 14","1.2676"
"25 Mar 14","1.2694"
"24 Mar 14","1.2712"
"21 Mar 14","1.2746"
"20 Mar 14","1.2775"
"19 Mar 14","1.2662"
"18 Mar 14","1.2638"
"17 Mar 14","1.2648"
"14 Mar 14","1.2653"
"13 Mar 14","1.266"
"12 Mar 14","1.2676"
"11 Mar 14","1.2666"
"10 Mar 14","1.2687"
"07 Mar 14","1.2682"
"06 Mar 14","1.2638"
"05 Mar 14","1.2695"
"04 Mar 14","1.269"
"03 Mar 14","1.2698"
"28 Feb 14","1.2666"
"27 Feb 14","1.2647"
"26 Feb 14","1.2656"
"25 Feb 14","1.2632"
"24 Feb 14","1.2651"
"21 Feb 14","1.2676"
"20 Feb 14","1.2648"
"19 Feb 14","1.2604"
"18 Feb 14","1.261"
"17 Feb 14","1.2592"
"14 Feb 14","1.2603"
"13 Feb 14","1.2663"
"12 Feb 14","1.266"
"11 Feb 14","1.2673"
"10 Feb 14","1.2709"
"07 Feb 14","1.2677"
"06 Feb 14","1.2674"
"05 Feb 14","1.2679"
"04 Feb 14","1.2683"
"03 Feb 14","1.2749"
"31 Jan 14","1.2783"
"30 Jan 14","1.2748"
"29 Jan 14","1.2761"
"28 Jan 14","1.2755"
"27 Jan 14","1.2757"
"24 Jan 14","1.2798"
"23 Jan 14","1.2783"
"22 Jan 14","1.279"
"21 Jan 14","1.2785"
"20 Jan 14","1.276"
"17 Jan 14","1.2745"
"16 Jan 14","1.2733"
"15 Jan 14","1.2728"
"14 Jan 14","1.266"
"13 Jan 14","1.2649"
"10 Jan 14","1.2668"
"09 Jan 14","1.2716"
"08 Jan 14","1.2709"
"07 Jan 14","1.2717"
"06 Jan 14","1.268"
"03 Jan 14","1.266"
"02 Jan 14","1.2668"
"31 Dec 13","1.2632"
"30 Dec 13","1.2676"
"27 Dec 13","1.2664"
"24 Dec 13","1.267"
"23 Dec 13","1.2665"
"20 Dec 13","1.2668"
"19 Dec 13","1.2674"
"18 Dec 13","1.2599"
"17 Dec 13","1.2588"
"16 Dec 13","1.2554"
"13 Dec 13","1.2558"
"12 Dec 13","1.2558"
"11 Dec 13","1.2518"
"10 Dec 13","1.2495"
"09 Dec 13","1.2492"
"06 Dec 13","1.25"
"05 Dec 13","1.254"
"04 Dec 13","1.2554"
"03 Dec 13","1.2533"
"02 Dec 13","1.2557"
"29 Nov 13","1.2536"
"28 Nov 13","1.2556"
"27 Nov 13","1.2543"
"26 Nov 13","1.2525"
"25 Nov 13","1.2526"
"22 Nov 13","1.2506"
"21 Nov 13","1.2493"
"20 Nov 13","1.2438"
"19 Nov 13","1.2441"
"18 Nov 13","1.2458"
"15 Nov 13","1.2466"
"14 Nov 13","1.2484"
"13 Nov 13","1.2486"
"12 Nov 13","1.2503"
"11 Nov 13","1.2487"
"08 Nov 13","1.2472"
"07 Nov 13","1.2456"
"06 Nov 13","1.2425"
"05 Nov 13","1.2435"
"04 Nov 13","1.2427"
"01 Nov 13","1.2436"
"31 Oct 13","1.2403"
"30 Oct 13","1.2368"
"29 Oct 13","1.239"
"28 Oct 13","1.2385"
"25 Oct 13","1.2365"
"24 Oct 13","1.2369"
"23 Oct 13","1.2386"
"22 Oct 13","1.2372"
"21 Oct 13","1.2415"
"18 Oct 13","1.2373"
"17 Oct 13","1.2406"
"16 Oct 13","1.2446"
"15 Oct 13","1.2429"
"14 Oct 13","1.2446"
"11 Oct 13","1.2469"
"10 Oct 13","1.2494"
"09 Oct 13","1.2509"
"08 Oct 13","1.2479"
"07 Oct 13","1.2479"
"04 Oct 13","1.246"
"03 Oct 13","1.2494"
"02 Oct 13","1.2496"
"01 Oct 13","1.2522"
"30 Sep 13","1.2548"
"27 Sep 13","1.2552"
"26 Sep 13","1.2553"
"25 Sep 13","1.2538"
"24 Sep 13","1.2542"
"23 Sep 13","1.2512"
"20 Sep 13","1.2511"
"19 Sep 13","1.2467"
"18 Sep 13","1.2595"
"17 Sep 13","1.2605"
"16 Sep 13","1.2601"
"13 Sep 13","1.2697"
"12 Sep 13","1.2668"
"11 Sep 13","1.2678"
"10 Sep 13","1.2685"
"09 Sep 13","1.271"
"06 Sep 13","1.2735"
"05 Sep 13","1.281"
"04 Sep 13","1.2742"
"03 Sep 13","1.2775"
"02 Sep 13","1.2744"
"30 Aug 13","1.2767"
"29 Aug 13","1.2752"
"28 Aug 13","1.2784"
"27 Aug 13","1.2831"
"23 Aug 13","1.2782"
"22 Aug 13","1.282"
"21 Aug 13","1.2797"
"20 Aug 13","1.2757"
"19 Aug 13","1.2757"
"16 Aug 13","1.2696"
"15 Aug 13","1.2743"
"14 Aug 13","1.2696"
"13 Aug 13","1.2677"
"12 Aug 13","1.2615"
"09 Aug 13","1.2574"
"08 Aug 13","1.2596"
"07 Aug 13","1.2672"
"06 Aug 13","1.2675"
"05 Aug 13","1.2698"
"02 Aug 13","1.2709"
"01 Aug 13","1.2746"
"31 Jul 13","1.274"
"30 Jul 13","1.2705"
"29 Jul 13","1.2666"
"26 Jul 13","1.2645"
"25 Jul 13","1.2663"
"24 Jul 13","1.2675"
"23 Jul 13","1.2652"
"22 Jul 13","1.2609"
"19 Jul 13","1.2649"
"18 Jul 13","1.2671"
"17 Jul 13","1.262"
"16 Jul 13","1.2596"
"15 Jul 13","1.265"
"12 Jul 13","1.2629"
"11 Jul 13","1.2614"
"10 Jul 13","1.2748"
"09 Jul 13","1.2804"
"08 Jul 13","1.28"
"05 Jul 13","1.281"
"04 Jul 13","1.2714"
"03 Jul 13","1.2727"
"02 Jul 13","1.2702"
"01 Jul 13","1.2655"
"28 Jun 13","1.2683"
"27 Jun 13","1.2665"
"26 Jun 13","1.272"
"25 Jun 13","1.2683"
"24 Jun 13","1.2785"
"21 Jun 13","1.2766"
"20 Jun 13","1.2771"
"19 Jun 13","1.2556"
"18 Jun 13","1.2626"
"17 Jun 13","1.2544"
"14 Jun 13","1.2502"
"13 Jun 13","1.2507"
"12 Jun 13","1.2516"
"11 Jun 13","1.2575"
"10 Jun 13","1.2611"
"07 Jun 13","1.2452"
"06 Jun 13","1.2466"
"05 Jun 13","1.2485"
"04 Jun 13","1.2533"
"03 Jun 13","1.2538"
"31 May 13","1.2647"
"30 May 13","1.2605"
"29 May 13","1.2662"
"28 May 13","1.2696"
"24 May 13","1.2644"
"23 May 13","1.265"
"22 May 13","1.2649"
"21 May 13","1.2617"
"20 May 13","1.2558"
"17 May 13","1.2572"
"16 May 13","1.2509"
"15 May 13","1.2467"
"14 May 13","1.2426"
"13 May 13","1.241"
"10 May 13","1.2387"
"09 May 13","1.2295"
"08 May 13","1.2278"
"07 May 13","1.2332"
"03 May 13","1.2342"
"02 May 13","1.2358"
"01 May 13","1.2333"
"30 Apr 13","1.2317"
"29 Apr 13","1.2338"
"26 Apr 13","1.2365"
"25 Apr 13","1.2392"
"24 Apr 13","1.2433"
"23 Apr 13","1.2411"
"22 Apr 13","1.2401"
"19 Apr 13","1.2363"
"18 Apr 13","1.2355"
"17 Apr 13","1.2362"
"16 Apr 13","1.2359"
"15 Apr 13","1.2368"
"12 Apr 13","1.2367"
"11 Apr 13","1.2366"
"10 Apr 13","1.2373"
"09 Apr 13","1.2397"
"08 Apr 13","1.241"
"05 Apr 13","1.2397"
"04 Apr 13","1.2419"
"03 Apr 13","1.2373"
"02 Apr 13","1.2376"
"28 Mar 13","1.2405"
"27 Mar 13","1.243"
"26 Mar 13","1.2408"
"25 Mar 13","1.2444"
"22 Mar 13","1.2487"
"21 Mar 13","1.2488"
"20 Mar 13","1.2515"
"19 Mar 13","1.2519"
"18 Mar 13","1.2494"
"15 Mar 13","1.2483"
"14 Mar 13","1.2494"
"13 Mar 13","1.2486"
"12 Mar 13","1.2474"
"11 Mar 13","1.2492"
"08 Mar 13","1.2486"
"07 Mar 13","1.246"
"06 Mar 13","1.247"
"05 Mar 13","1.2471"
"04 Mar 13","1.2461"
"01 Mar 13","1.2394"
"28 Feb 13","1.2378"
"27 Feb 13","1.2375"
"26 Feb 13","1.2396"
"25 Feb 13","1.2388"
"22 Feb 13","1.2376"
"21 Feb 13","1.2393"
"20 Feb 13","1.2368"
"19 Feb 13","1.2382"
"18 Feb 13","1.2394"
"15 Feb 13","1.2378"
"14 Feb 13","1.2355"
"13 Feb 13","1.2382"
"12 Feb 13","1.2397"
"11 Feb 13","1.2407"
"08 Feb 13","1.2372"
"07 Feb 13","1.2394"
"06 Feb 13","1.2382"
"05 Feb 13","1.2387"
"04 Feb 13","1.2396"
"01 Feb 13","1.24"
"31 Jan 13","1.2378"
"30 Jan 13","1.2349"
"29 Jan 13","1.2344"
"28 Jan 13","1.2388"
"25 Jan 13","1.2343"
"24 Jan 13","1.228"
"23 Jan 13","1.2269"
"22 Jan 13","1.2276"
"21 Jan 13","1.2283"
"18 Jan 13","1.2279"
"17 Jan 13","1.2231"
"16 Jan 13","1.2238"
"15 Jan 13","1.2254"
"14 Jan 13","1.2261"
"11 Jan 13","1.2247"
"10 Jan 13","1.2232"
"09 Jan 13","1.2277"
"08 Jan 13","1.2304"
"07 Jan 13","1.2297"
"04 Jan 13","1.2294"
"03 Jan 13","1.2223"
"02 Jan 13","1.2205"
"31 Dec 12","1.2219"
"28 Dec 12","1.2229"
"27 Dec 12","1.2221"
"24 Dec 12","1.2205"
"21 Dec 12","1.221"
"20 Dec 12","1.2189"
"19 Dec 12","1.2181"
"18 Dec 12","1.2174"
"17 Dec 12","1.2198"
"14 Dec 12","1.2202"
"13 Dec 12","1.22"
"12 Dec 12","1.2211"
"11 Dec 12","1.2214"
"10 Dec 12","1.2215"
"07 Dec 12","1.2205"
"06 Dec 12","1.2204"
"05 Dec 12","1.2184"
"04 Dec 12","1.2176"
"03 Dec 12","1.219"
"30 Nov 12","1.2205"
"29 Nov 12","1.2206"
"28 Nov 12","1.2234"
"27 Nov 12","1.2229"
"26 Nov 12","1.2221"
"23 Nov 12","1.2221"
"22 Nov 12","1.225"
"21 Nov 12","1.2255"
"20 Nov 12","1.225"
"19 Nov 12","1.2239"
"16 Nov 12","1.2292"
"15 Nov 12","1.2245"
"14 Nov 12","1.2226"
"13 Nov 12","1.2227"
"12 Nov 12","1.2236"
"09 Nov 12","1.2239"
"08 Nov 12","1.2241"
"07 Nov 12","1.2224"
"06 Nov 12","1.2242"
"05 Nov 12","1.2253"
"02 Nov 12","1.2231"
"01 Nov 12","1.2203"
"31 Oct 12","1.2201"
"30 Oct 12","1.2189"
"29 Oct 12","1.2207"
"26 Oct 12","1.221"
"25 Oct 12","1.2202"
"24 Oct 12","1.223"
"23 Oct 12","1.2258"
"22 Oct 12","1.2219"
"19 Oct 12","1.2208"
"18 Oct 12","1.2187"
"17 Oct 12","1.2163"
"16 Oct 12","1.2208"
"15 Oct 12","1.2223"
"12 Oct 12","1.2211"
"11 Oct 12","1.2275"
"10 Oct 12","1.2294"
"09 Oct 12","1.2305"
"08 Oct 12","1.2301"
"05 Oct 12","1.2268"
"04 Oct 12","1.2288"
"03 Oct 12","1.2323"
"02 Oct 12","1.2294"
"01 Oct 12","1.2278"
"28 Sep 12","1.2269"
"27 Sep 12","1.2284"
"26 Sep 12","1.2332"
"25 Sep 12","1.2242"
"24 Sep 12","1.228"
"21 Sep 12","1.2234"
"20 Sep 12","1.2249"
"19 Sep 12","1.224"
"18 Sep 12","1.2252"
"17 Sep 12","1.2238"
"14 Sep 12","1.2195"
"13 Sep 12","1.2306"
"12 Sep 12","1.2296"
"11 Sep 12","1.2293"
"10 Sep 12","1.2346"
"07 Sep 12","1.2359"
"06 Sep 12","1.2427"
"05 Sep 12","1.2479"
"04 Sep 12","1.2474"
"03 Sep 12","1.2463"
"31 Aug 12","1.2477"
"30 Aug 12","1.2542"
"29 Aug 12","1.254"
"28 Aug 12","1.2533"
"24 Aug 12","1.2497"
"23 Aug 12","1.2456"
"22 Aug 12","1.2517"
"21 Aug 12","1.2491"
"20 Aug 12","1.2534"
"17 Aug 12","1.2543"
"16 Aug 12","1.2505"
"15 Aug 12","1.2499"
"14 Aug 12","1.2477"
"13 Aug 12","1.2455"
"10 Aug 12","1.2448"
"09 Aug 12","1.244"
"08 Aug 12","1.2436"
"07 Aug 12","1.2418"
"06 Aug 12","1.2405"
"03 Aug 12","1.2432"
"02 Aug 12","1.2497"
"01 Aug 12","1.2443"
"31 Jul 12","1.2443"
"30 Jul 12","1.2473"
"27 Jul 12","1.2478"
"26 Jul 12","1.2506"
"25 Jul 12","1.2585"
"24 Jul 12","1.2604"
"23 Jul 12","1.261"
"20 Jul 12","1.2567"
"19 Jul 12","1.2541"
"18 Jul 12","1.2587"
"17 Jul 12","1.2648"
"16 Jul 12","1.2652"
"13 Jul 12","1.265"
"12 Jul 12","1.2724"
"11 Jul 12","1.2628"
"10 Jul 12","1.2674"
"09 Jul 12","1.2711"
"06 Jul 12","1.272"
"05 Jul 12","1.2645"
"04 Jul 12","1.2662"
"03 Jul 12","1.2615"
"02 Jul 12","1.2679"
"29 Jun 12","1.2667"
"28 Jun 12","1.2806"
"27 Jun 12","1.2767"
"26 Jun 12","1.2803"
"25 Jun 12","1.2844"
"22 Jun 12","1.2771"
"21 Jun 12","1.2745"
"20 Jun 12","1.2682"
"19 Jun 12","1.2661"
"18 Jun 12","1.272"
"15 Jun 12","1.2723"
"14 Jun 12","1.2809"
"13 Jun 12","1.2788"
"12 Jun 12","1.2858"
"11 Jun 12","1.2827"
"08 Jun 12","1.2857"
"07 Jun 12","1.2754"
"06 Jun 12","1.2779"
"01 Jun 12","1.295"
"31 May 12","1.2888"
"30 May 12","1.2885"
"29 May 12","1.277"
"28 May 12","1.2775"
"25 May 12","1.2792"
"24 May 12","1.2754"
"23 May 12","1.2797"
"22 May 12","1.2684"
"21 May 12","1.2717"
"18 May 12","1.2735"
"17 May 12","1.2666"
"16 May 12","1.2672"
"15 May 12","1.2589"
"14 May 12","1.2575"
"11 May 12","1.2504"
"10 May 12","1.2498"
"09 May 12","1.2538"
"08 May 12","1.2492"
"04 May 12","1.2436"
"03 May 12","1.2428"
"02 May 12","1.2406"
"01 May 12","1.2358"
"30 Apr 12","1.2373"
"27 Apr 12","1.2384"
"26 Apr 12","1.2412"
"25 Apr 12","1.2447"
"24 Apr 12","1.2462"
"23 Apr 12","1.2495"
"20 Apr 12","1.2483"
"19 Apr 12","1.2509"
"18 Apr 12","1.2501"
"17 Apr 12","1.2486"
"16 Apr 12","1.2496"
"13 Apr 12","1.2475"
"12 Apr 12","1.2532"
"11 Apr 12","1.2579"
"10 Apr 12","1.2633"
"05 Apr 12","1.2589"
"04 Apr 12","1.2592"
"03 Apr 12","1.2512"
"02 Apr 12","1.2544"
"30 Mar 12","1.2572"
"29 Mar 12","1.2595"
"28 Mar 12","1.2577"
"27 Mar 12","1.2562"
"26 Mar 12","1.2584"
"23 Mar 12","1.2628"
"22 Mar 12","1.2663"
"21 Mar 12","1.2653"
"20 Mar 12","1.2625"
"19 Mar 12","1.2568"
"16 Mar 12","1.2582"
"15 Mar 12","1.2631"
"14 Mar 12","1.2687"
"13 Mar 12","1.2582"
"12 Mar 12","1.2616"
"09 Mar 12","1.2529"
"08 Mar 12","1.253"
"07 Mar 12","1.263"
"06 Mar 12","1.2641"
"05 Mar 12","1.2578"
"02 Mar 12","1.2515"
"01 Mar 12","1.2483"
"29 Feb 12","1.2471"
"28 Feb 12","1.2524"
"27 Feb 12","1.2563"
"24 Feb 12","1.2555"
"23 Feb 12","1.2561"
"22 Feb 12","1.2592"
"21 Feb 12","1.2559"
"20 Feb 12","1.2508"
"17 Feb 12","1.2586"
"16 Feb 12","1.2655"
"15 Feb 12","1.2623"
"14 Feb 12","1.2661"
"13 Feb 12","1.2561"
"10 Feb 12","1.2603"
"09 Feb 12","1.2477"
"08 Feb 12","1.2457"
"07 Feb 12","1.2449"
"06 Feb 12","1.2496"
"03 Feb 12","1.2426"
"02 Feb 12","1.2463"
"01 Feb 12","1.2504"
"31 Jan 12","1.2559"
"30 Jan 12","1.2595"
"27 Jan 12","1.2536"
"26 Jan 12","1.2566"
"25 Jan 12","1.2713"
"24 Jan 12","1.2701"
"23 Jan 12","1.2661"
"20 Jan 12","1.2738"
"19 Jan 12","1.2744"
"18 Jan 12","1.2797"
"17 Jan 12","1.2849"
"16 Jan 12","1.2903"
"13 Jan 12","1.2938"
"12 Jan 12","1.2906"
"11 Jan 12","1.2927"
"10 Jan 12","1.2888"
"09 Jan 12","1.2974"
"06 Jan 12","1.2938"
"05 Jan 12","1.2932"
"04 Jan 12","1.2879"
"03 Jan 12","1.2828"
"30 Dec 11","1.2996"
"29 Dec 11","1.301"
"28 Dec 11","1.298"
"23 Dec 11","1.2936"
"22 Dec 11","1.2928"
"21 Dec 11","1.297"
"20 Dec 11","1.298"
"19 Dec 11","1.307"
"16 Dec 11","1.3027"
"15 Dec 11","1.308"
"14 Dec 11","1.3097"
"13 Dec 11","1.3032"
"12 Dec 11","1.301"
"09 Dec 11","1.2953"
"08 Dec 11","1.2972"
"07 Dec 11","1.2865"
"06 Dec 11","1.2832"
"05 Dec 11","1.2781"
"02 Dec 11","1.2831"
"01 Dec 11","1.2821"
"30 Nov 11","1.2822"
"29 Nov 11","1.2949"
"28 Nov 11","1.2992"
"25 Nov 11","1.3124"
"24 Nov 11","1.3098"
"23 Nov 11","1.309"
"22 Nov 11","1.3022"
"21 Nov 11","1.305"
"18 Nov 11","1.297"
"17 Nov 11","1.2937"
"16 Nov 11","1.2925"
"15 Nov 11","1.2937"
"14 Nov 11","1.2903"
"11 Nov 11","1.2852"
"10 Nov 11","1.2924"
"09 Nov 11","1.287"
"08 Nov 11","1.2702"
"07 Nov 11","1.2725"
"04 Nov 11","1.2677"
"03 Nov 11","1.2721"
"02 Nov 11","1.2722"
"01 Nov 11","1.2784"
"31 Oct 11","1.2516"
"28 Oct 11","1.2409"
"27 Oct 11","1.2475"
"26 Oct 11","1.2765"
"25 Oct 11","1.2649"
"24 Oct 11","1.2668"
"21 Oct 11","1.2699"
"20 Oct 11","1.2718"
"19 Oct 11","1.2641"
"18 Oct 11","1.2713"
"17 Oct 11","1.2685"
"14 Oct 11","1.2658"
"13 Oct 11","1.2813"
"12 Oct 11","1.2752"
"11 Oct 11","1.2828"
"10 Oct 11","1.2769"
"07 Oct 11","1.2904"
"06 Oct 11","1.3024"
"05 Oct 11","1.3045"
"04 Oct 11","1.3151"
"03 Oct 11","1.3122"
"30 Sep 11","1.3028"
"29 Sep 11","1.2927"
"28 Sep 11","1.2878"
"27 Sep 11","1.2782"
"26 Sep 11","1.3013"
"23 Sep 11","1.2955"
"22 Sep 11","1.3039"
"21 Sep 11","1.2761"
"20 Sep 11","1.2578"
"19 Sep 11","1.2646"
"16 Sep 11","1.24"
"15 Sep 11","1.2438"
"14 Sep 11","1.2476"
"13 Sep 11","1.2418"
"12 Sep 11","1.2364"
"09 Sep 11","1.2268"
"08 Sep 11","1.2127"
"07 Sep 11","1.2101"
"06 Sep 11","1.2106"
"05 Sep 11","1.2078"
"02 Sep 11","1.2044"
"01 Sep 11","1.2044"
"31 Aug 11","1.2024"
"30 Aug 11","1.2063"
"26 Aug 11","1.2053"
"25 Aug 11","1.2104"
"24 Aug 11","1.2054"
"23 Aug 11","1.2049"
"22 Aug 11","1.2084"
"19 Aug 11","1.2069"
"18 Aug 11","1.2147"
"17 Aug 11","1.201"
"16 Aug 11","1.2014"
"15 Aug 11","1.2034"
"12 Aug 11","1.2136"
"11 Aug 11","1.2122"
"10 Aug 11","1.218"
"09 Aug 11","1.2165"
"08 Aug 11","1.2183"
"05 Aug 11","1.2186"
"04 Aug 11","1.2173"
"03 Aug 11","1.2076"
"02 Aug 11","1.2048"
"01 Aug 11","1.2039"
"29 Jul 11","1.2037"
"28 Jul 11","1.2021"
"27 Jul 11","1.2036"
"26 Jul 11","1.2032"
"25 Jul 11","1.2074"
"22 Jul 11","1.2084"
"21 Jul 11","1.2108"
"20 Jul 11","1.2136"
"19 Jul 11","1.2156"
"18 Jul 11","1.2193"
"15 Jul 11","1.2184"
"14 Jul 11","1.2181"
"13 Jul 11","1.2184"
"12 Jul 11","1.2267"
"11 Jul 11","1.228"
"08 Jul 11","1.2218"
"07 Jul 11","1.2231"
"06 Jul 11","1.229"
"05 Jul 11","1.2276"
"04 Jul 11","1.2263"
"01 Jul 11","1.2278"
"30 Jun 11","1.2276"
"29 Jun 11","1.2338"
"28 Jun 11","1.2396"
"27 Jun 11","1.2424"
"24 Jun 11","1.238"
"23 Jun 11","1.2394"
"22 Jun 11","1.2307"
"21 Jun 11","1.2319"
"20 Jun 11","1.2355"
"17 Jun 11","1.2342"
"16 Jun 11","1.2421"
"15 Jun 11","1.2336"
"14 Jun 11","1.2305"
"13 Jun 11","1.2373"
"10 Jun 11","1.236"
"09 Jun 11","1.2312"
"08 Jun 11","1.2309"
"07 Jun 11","1.2276"
"06 Jun 11","1.2301"
"03 Jun 11","1.2314"
"02 Jun 11","1.2344"
"01 Jun 11","1.2322"
"31 May 11","1.2345"
"27 May 11","1.2367"
"26 May 11","1.2462"
"25 May 11","1.248"
"24 May 11","1.2458"
"23 May 11","1.2487"
"20 May 11","1.2398"
"19 May 11","1.2394"
"18 May 11","1.2399"
"17 May 11","1.249"
"16 May 11","1.247"
"13 May 11","1.2446"
"12 May 11","1.2425"
"11 May 11","1.2336"
"10 May 11","1.234"
"09 May 11","1.2364"
"06 May 11","1.2319"
"05 May 11","1.2377"
"04 May 11","1.2295"
"03 May 11","1.2258"
"28 Apr 11","1.2282"
"27 Apr 11","1.2338"
"26 Apr 11","1.2334"
"21 Apr 11","1.2342"
"20 Apr 11","1.2388"
"19 Apr 11","1.2452"
"18 Apr 11","1.2499"
"15 Apr 11","1.2441"
"14 Apr 11","1.2481"
"13 Apr 11","1.2555"
"12 Apr 11","1.2586"
"11 Apr 11","1.2559"
"08 Apr 11","1.257"
"07 Apr 11","1.2609"
"06 Apr 11","1.2601"
"05 Apr 11","1.2609"
"04 Apr 11","1.2603"
"01 Apr 11","1.2619"
"31 Mar 11","1.2609"
"30 Mar 11","1.2623"
"29 Mar 11","1.2624"
"28 Mar 11","1.2612"
"25 Mar 11","1.2607"
"24 Mar 11","1.2605"
"23 Mar 11","1.266"
"22 Mar 11","1.2636"
"21 Mar 11","1.2675"
"18 Mar 11","1.2745"
"17 Mar 11","1.2785"
"16 Mar 11","1.282"
"15 Mar 11","1.2809"
"14 Mar 11","1.2681"
"11 Mar 11","1.2694"
"10 Mar 11","1.2731"
"09 Mar 11","1.2672"
"08 Mar 11","1.2687"
"07 Mar 11","1.2651"
"04 Mar 11","1.2664"
"03 Mar 11","1.2687"
"02 Mar 11","1.2692"
"01 Mar 11","1.2709"
"28 Feb 11","1.2708"
"25 Feb 11","1.2737"
"24 Feb 11","1.2764"
"23 Feb 11","1.2773"
"22 Feb 11","1.2778"
"21 Feb 11","1.2759"
"18 Feb 11","1.2743"
"17 Feb 11","1.2771"
"16 Feb 11","1.2801"
"15 Feb 11","1.28"
"14 Feb 11","1.2825"
"11 Feb 11","1.2818"
"10 Feb 11","1.279"
"09 Feb 11","1.2733"
"08 Feb 11","1.2715"
"07 Feb 11","1.2751"
"04 Feb 11","1.2752"
"03 Feb 11","1.2758"
"02 Feb 11","1.2721"
"01 Feb 11","1.2727"
"31 Jan 11","1.2801"
"28 Jan 11","1.2829"
"27 Jan 11","1.2787"
"26 Jan 11","1.2792"
"25 Jan 11","1.2808"
"24 Jan 11","1.2816"
"21 Jan 11","1.2837"
"20 Jan 11","1.2906"
"19 Jan 11","1.2819"
"18 Jan 11","1.2833"
"17 Jan 11","1.2878"
"14 Jan 11","1.2881"
"13 Jan 11","1.286"
"12 Jan 11","1.2896"
"11 Jan 11","1.2958"
"10 Jan 11","1.2992"
"07 Jan 11","1.294"
"06 Jan 11","1.2942"
"05 Jan 11","1.2937"
"04 Jan 11","1.2882"
"31 Dec 10","1.2813"
"30 Dec 10","1.2884"
"29 Dec 10","1.2949"
"24 Dec 10","1.2992"
"23 Dec 10","1.3069"
"22 Dec 10","1.3085"
"21 Dec 10","1.3123"
"20 Dec 10","1.3171"
"17 Dec 10","1.3169"
"16 Dec 10","1.3182"
"15 Dec 10","1.3114"
"14 Dec 10","1.3017"
"13 Dec 10","1.3055"
"10 Dec 10","1.3087"
"09 Dec 10","1.3135"
"08 Dec 10","1.3167"
"07 Dec 10","1.3043"
"06 Dec 10","1.3058"
"03 Dec 10","1.3024"
"02 Dec 10","1.3078"
"01 Dec 10","1.3117"
"30 Nov 10","1.3219"
"29 Nov 10","1.3225"
"26 Nov 10","1.3198"
"25 Nov 10","1.3068"
"24 Nov 10","1.3079"
"23 Nov 10","1.3121"
"22 Nov 10","1.2984"
"19 Nov 10","1.2986"
"18 Nov 10","1.2975"
"17 Nov 10","1.3022"
"16 Nov 10","1.3027"
"15 Nov 10","1.3034"
"12 Nov 10","1.2957"
"11 Nov 10","1.2893"
"10 Nov 10","1.291"
"09 Nov 10","1.2839"
"08 Nov 10","1.2876"
"05 Nov 10","1.2866"
"04 Nov 10","1.2826"
"03 Nov 10","1.2889"
"02 Nov 10","1.2877"
"01 Nov 10","1.2918"
"29 Oct 10","1.294"
"28 Oct 10","1.2968"
"27 Oct 10","1.3066"
"26 Oct 10","1.298"
"25 Oct 10","1.2926"
"22 Oct 10","1.2993"
"21 Oct 10","1.2968"
"20 Oct 10","1.3021"
"19 Oct 10","1.3098"
"18 Oct 10","1.2997"
"15 Oct 10","1.2971"
"14 Oct 10","1.2964"
"13 Oct 10","1.3022"
"12 Oct 10","1.3069"
"11 Oct 10","1.3066"
"08 Oct 10","1.3056"
"07 Oct 10","1.3069"
"06 Oct 10","1.3088"
"05 Oct 10","1.3109"
"04 Oct 10","1.3139"
"01 Oct 10","1.312"
"30 Sep 10","1.3154"
"29 Sep 10","1.317"
"28 Sep 10","1.3199"
"27 Sep 10","1.3216"
"24 Sep 10","1.3226"
"23 Sep 10","1.3268"
"22 Sep 10","1.3259"
"21 Sep 10","1.3322"
"20 Sep 10","1.334"
"17 Sep 10","1.3366"
"16 Sep 10","1.337"
"15 Sep 10","1.3373"
"14 Sep 10","1.3322"
"13 Sep 10","1.3362"
"10 Sep 10","1.3402"
"09 Sep 10","1.3415"
"08 Sep 10","1.3423"
"07 Sep 10","1.3486"
"06 Sep 10","1.3454"
"03 Sep 10","1.3446"
"02 Sep 10","1.3464"
"01 Sep 10","1.3465"
"31 Aug 10","1.3547"
"27 Aug 10","1.3554"
"26 Aug 10","1.3559"
"25 Aug 10","1.3613"
"24 Aug 10","1.3604"
"23 Aug 10","1.3575"
"20 Aug 10","1.3585"
"19 Aug 10","1.3532"
"18 Aug 10","1.3509"
"17 Aug 10","1.3547"
"16 Aug 10","1.3613"
"13 Aug 10","1.3628"
"12 Aug 10","1.3622"
"11 Aug 10","1.3637"
"10 Aug 10","1.3567"
"09 Aug 10","1.3482"
"06 Aug 10","1.3479"
"05 Aug 10","1.3537"
"04 Aug 10","1.353"
"03 Aug 10","1.3505"
"02 Aug 10","1.3517"
"30 Jul 10","1.3603"
"29 Jul 10","1.3626"
"28 Jul 10","1.3661"
"27 Jul 10","1.3619"
"26 Jul 10","1.3639"
"23 Jul 10","1.3726"
"22 Jul 10","1.3735"
"21 Jul 10","1.3742"
"20 Jul 10","1.3745"
"19 Jul 10","1.3783"
"16 Jul 10","1.375"
"15 Jul 10","1.3749"
"14 Jul 10","1.3747"
"13 Jul 10","1.3775"
"12 Jul 10","1.3826"
"09 Jul 10","1.3825"
"08 Jul 10","1.3824"
"07 Jul 10","1.386"
"06 Jul 10","1.3859"
"05 Jul 10","1.3943"
"02 Jul 10","1.3923"
"01 Jul 10","1.3975"
"30 Jun 10","1.3963"
"29 Jun 10","1.4024"
"28 Jun 10","1.3877"
"25 Jun 10","1.3917"
"24 Jun 10","1.3942"
"23 Jun 10","1.3934"
"22 Jun 10","1.3828"
"21 Jun 10","1.3746"
"18 Jun 10","1.3836"
"17 Jun 10","1.3931"
"16 Jun 10","1.394"
"15 Jun 10","1.396"
"14 Jun 10","1.3948"
"11 Jun 10","1.4031"
"10 Jun 10","1.4039"
"09 Jun 10","1.4128"
"08 Jun 10","1.4181"
"07 Jun 10","1.418"
"04 Jun 10","1.4111"
"03 Jun 10","1.4044"
"02 Jun 10","1.4111"
"01 Jun 10","1.4095"
"28 May 10","1.4035"
"27 May 10","1.4052"
"26 May 10","1.4076"
"25 May 10","1.4203"
"24 May 10","1.4064"
"21 May 10","1.4103"
"20 May 10","1.4138"
"19 May 10","1.4002"
"18 May 10","1.3885"
"17 May 10","1.3913"
"14 May 10","1.3863"
"13 May 10","1.3817"
"12 May 10","1.3797"
"11 May 10","1.3829"
"10 May 10","1.3809"
"07 May 10","1.3973"
"06 May 10","1.3957"
"05 May 10","1.3928"
"04 May 10","1.3784"
"30 Apr 10","1.3704"
"29 Apr 10","1.3687"
"28 Apr 10","1.3738"
"27 Apr 10","1.3691"
"26 Apr 10","1.3683"
"23 Apr 10","1.3711"
"22 Apr 10","1.3734"
"21 Apr 10","1.3718"
"20 Apr 10","1.3756"
"19 Apr 10","1.3796"
"16 Apr 10","1.373"
"15 Apr 10","1.3746"
"14 Apr 10","1.3756"
"13 Apr 10","1.3924"
"12 Apr 10","1.3905"
"09 Apr 10","1.3901"
"08 Apr 10","1.3941"
"07 Apr 10","1.3956"
"06 Apr 10","1.3969"
"01 Apr 10","1.3973"
"31 Mar 10","1.398"
"30 Mar 10","1.3999"
"29 Mar 10","1.3986"
"26 Mar 10","1.4037"
"25 Mar 10","1.4058"
"24 Mar 10","1.4054"
"23 Mar 10","1.4007"
"22 Mar 10","1.4028"
"19 Mar 10","1.3982"
"18 Mar 10","1.3967"
"17 Mar 10","1.3936"
"16 Mar 10","1.395"
"15 Mar 10","1.3984"
"12 Mar 10","1.3943"
"11 Mar 10","1.3978"
"10 Mar 10","1.3983"
"09 Mar 10","1.3986"
"08 Mar 10","1.3992"
"05 Mar 10","1.3991"
"04 Mar 10","1.3999"
"03 Mar 10","1.4"
"02 Mar 10","1.404"
"01 Mar 10","1.4065"
"26 Feb 10","1.4058"
"25 Feb 10","1.4106"
"24 Feb 10","1.4084"
"23 Feb 10","1.4105"
"22 Feb 10","1.4087"
"19 Feb 10","1.4136"
"18 Feb 10","1.4064"
"17 Feb 10","1.4058"
"16 Feb 10","1.4061"
"15 Feb 10","1.4121"
"12 Feb 10","1.414"
"11 Feb 10","1.4143"
"10 Feb 10","1.4187"
"09 Feb 10","1.4182"
"08 Feb 10","1.4225"
"05 Feb 10","1.4215"
"04 Feb 10","1.4185"
"03 Feb 10","1.4118"
"02 Feb 10","1.4097"
"01 Feb 10","1.4131"
"29 Jan 10","1.4039"
"28 Jan 10","1.4038"
"27 Jan 10","1.4048"
"26 Jan 10","1.4039"
"25 Jan 10","1.3999"
"22 Jan 10","1.4033"
"21 Jan 10","1.4035"
"20 Jan 10","1.3995"
"19 Jan 10","1.3909"
"18 Jan 10","1.3887"
"15 Jan 10","1.3914"
"14 Jan 10","1.389"
"13 Jan 10","1.3887"
"12 Jan 10","1.3881"
"11 Jan 10","1.3873"
"08 Jan 10","1.3959"
"07 Jan 10","1.3969"
"06 Jan 10","1.3954"
"05 Jan 10","1.3955"
"04 Jan 10","1.3977"
"31 Dec 09","1.404"
"30 Dec 09","1.4051"
"29 Dec 09","1.4031"
"24 Dec 09","1.4054"
"23 Dec 09","1.4089"
"22 Dec 09","1.407"
"21 Dec 09","1.4053"
"18 Dec 09","1.4035"
"17 Dec 09","1.4037"
"16 Dec 09","1.3946"
"15 Dec 09","1.3941"
"14 Dec 09","1.3923"
"11 Dec 09","1.3927"
"10 Dec 09","1.3896"
"09 Dec 09","1.3896"
"08 Dec 09","1.3938"
"07 Dec 09","1.3899"
"04 Dec 09","1.3877"
"03 Dec 09","1.3811"
"02 Dec 09","1.3798"
"01 Dec 09","1.3801"
"30 Nov 09","1.3855"
"27 Nov 09","1.3872"
"26 Nov 09","1.3846"
"25 Nov 09","1.3804"
"24 Nov 09","1.3858"
"23 Nov 09","1.3841"
"20 Nov 09","1.3887"
"19 Nov 09","1.3903"
"18 Nov 09","1.3839"
"17 Nov 09","1.3874"
"16 Nov 09","1.385"
"13 Nov 09","1.387"
"12 Nov 09","1.3896"
"11 Nov 09","1.3871"
"10 Nov 09","1.389"
"09 Nov 09","1.3869"
"06 Nov 09","1.3932"
"05 Nov 09","1.3949"
"04 Nov 09","1.396"
"03 Nov 09","1.4018"
"02 Nov 09","1.3973"
"30 Oct 09","1.3986"
"29 Oct 09","1.3979"
"28 Oct 09","1.4015"
"27 Oct 09","1.3984"
"26 Oct 09","1.3954"
"23 Oct 09","1.3937"
"22 Oct 09","1.3941"
"21 Oct 09","1.3919"
"20 Oct 09","1.3946"
"19 Oct 09","1.3905"
"16 Oct 09","1.3944"
"15 Oct 09","1.3909"
"14 Oct 09","1.3921"
"13 Oct 09","1.3985"
"12 Oct 09","1.3967"
"09 Oct 09","1.3925"
"08 Oct 09","1.3906"
"07 Oct 09","1.4012"
"06 Oct 09","1.3995"
"05 Oct 09","1.4115"
"02 Oct 09","1.4142"
"01 Oct 09","1.4134"
"30 Sep 09","1.4092"
"29 Sep 09","1.4189"
"28 Sep 09","1.419"
"25 Sep 09","1.4153"
"24 Sep 09","1.415"
"23 Sep 09","1.4142"
"22 Sep 09","1.4125"
"21 Sep 09","1.4172"
"18 Sep 09","1.4171"
"17 Sep 09","1.4128"
"16 Sep 09","1.4137"
"15 Sep 09","1.4224"
"14 Sep 09","1.4223"
"11 Sep 09","1.4221"
"10 Sep 09","1.4264"
"09 Sep 09","1.4239"
"08 Sep 09","1.426"
"07 Sep 09","1.4318"
"04 Sep 09","1.4411"
"03 Sep 09","1.4405"
"02 Sep 09","1.4428"
"01 Sep 09","1.442"
"28 Aug 09","1.4382"
"27 Aug 09","1.4457"
"26 Aug 09","1.446"
"25 Aug 09","1.4396"
"24 Aug 09","1.4415"
"21 Aug 09","1.4392"
"20 Aug 09","1.4467"
"19 Aug 09","1.4492"
"18 Aug 09","1.451"
"17 Aug 09","1.4519"
"14 Aug 09","1.4443"
"13 Aug 09","1.4428"
"12 Aug 09","1.4428"
"11 Aug 09","1.4465"
"10 Aug 09","1.4422"
"07 Aug 09","1.4398"
"06 Aug 09","1.4357"
"05 Aug 09","1.4348"
"04 Aug 09","1.4339"
"03 Aug 09","1.4324"
"31 Jul 09","1.442"
"30 Jul 09","1.4423"
"29 Jul 09","1.4459"
"28 Jul 09","1.4404"
"27 Jul 09","1.4407"
"24 Jul 09","1.4407"
"23 Jul 09","1.4395"
"22 Jul 09","1.4437"
"21 Jul 09","1.4419"
"20 Jul 09","1.4413"
"17 Jul 09","1.4497"
"16 Jul 09","1.4518"
"15 Jul 09","1.4522"
"14 Jul 09","1.4613"
"13 Jul 09","1.4644"
"10 Jul 09","1.4639"
"09 Jul 09","1.4595"
"08 Jul 09","1.4614"
"07 Jul 09","1.4573"
"06 Jul 09","1.4574"
"03 Jul 09","1.4534"
"02 Jul 09","1.4518"
"01 Jul 09","1.444"
"30 Jun 09","1.4474"
"29 Jun 09","1.4528"
"26 Jun 09","1.4544"
"25 Jun 09","1.4579"
"24 Jun 09","1.4536"
"23 Jun 09","1.4558"
"22 Jun 09","1.4587"
"19 Jun 09","1.4543"
"18 Jun 09","1.4555"
"17 Jun 09","1.4586"
"16 Jun 09","1.458"
"15 Jun 09","1.4594"
"12 Jun 09","1.4526"
"11 Jun 09","1.4502"
"10 Jun 09","1.4545"
"09 Jun 09","1.4564"
"08 Jun 09","1.4576"
"05 Jun 09","1.4512"
"04 Jun 09","1.4452"
"03 Jun 09","1.4424"
"02 Jun 09","1.4369"
"01 Jun 09","1.4397"
"29 May 09","1.445"
"28 May 09","1.4516"
"27 May 09","1.4493"
"26 May 09","1.4482"
"22 May 09","1.4425"
"21 May 09","1.4585"
"20 May 09","1.4561"
"19 May 09","1.4609"
"18 May 09","1.4647"
"15 May 09","1.4639"
"14 May 09","1.4642"
"13 May 09","1.4628"
"12 May 09","1.4589"
"11 May 09","1.4598"
"08 May 09","1.4634"
"07 May 09","1.4646"
"06 May 09","1.4727"
"05 May 09","1.4714"
"01 May 09","1.4818"
"30 Apr 09","1.4777"
"29 Apr 09","1.4847"
"28 Apr 09","1.4971"
"27 Apr 09","1.4948"
"24 Apr 09","1.487"
"23 Apr 09","1.5012"
"22 Apr 09","1.5057"
"21 Apr 09","1.5076"
"20 Apr 09","1.5095"
"17 Apr 09","1.5011"
"16 Apr 09","1.4967"
"15 Apr 09","1.5027"
"14 Apr 09","1.499"
"09 Apr 09","1.5158"
"08 Apr 09","1.5181"
"07 Apr 09","1.5116"
"06 Apr 09","1.5071"
"03 Apr 09","1.5075"
"02 Apr 09","1.5008"
"01 Apr 09","1.5226"
"31 Mar 09","1.5201"
"30 Mar 09","1.5226"
"27 Mar 09","1.514"
"26 Mar 09","1.5089"
"25 Mar 09","1.5094"
"24 Mar 09","1.5118"
"23 Mar 09","1.5099"
"20 Mar 09","1.5149"
"19 Mar 09","1.5064"
"18 Mar 09","1.5272"
"17 Mar 09","1.5328"
"16 Mar 09","1.5314"
"13 Mar 09","1.5428"
"12 Mar 09","1.5358"
"11 Mar 09","1.5318"
"10 Mar 09","1.5348"
"09 Mar 09","1.5489"
"06 Mar 09","1.5468"
"05 Mar 09","1.5515"
"04 Mar 09","1.5477"
"03 Mar 09","1.5499"
"02 Mar 09","1.5564"
"27 Feb 09","1.5465"
"26 Feb 09","1.5364"
"25 Feb 09","1.5293"
"24 Feb 09","1.5266"
"23 Feb 09","1.5294"
"20 Feb 09","1.5372"
"19 Feb 09","1.5262"
"18 Feb 09","1.5309"
"17 Feb 09","1.5297"
"16 Feb 09","1.5164"
"13 Feb 09","1.5072"
"12 Feb 09","1.5132"
"11 Feb 09","1.5062"
"10 Feb 09","1.4968"
"09 Feb 09","1.4925"
"06 Feb 09","1.4983"
"05 Feb 09","1.5051"
"04 Feb 09","1.5059"
"03 Feb 09","1.5089"
"02 Feb 09","1.5145"
"30 Jan 09","1.5112"
"29 Jan 09","1.5048"
"28 Jan 09","1.4984"
"27 Jan 09","1.5067"
"26 Jan 09","1.5013"
"23 Jan 09","1.509"
"22 Jan 09","1.4999"
"21 Jan 09","1.5068"
"20 Jan 09","1.511"
"19 Jan 09","1.4947"
"16 Jan 09","1.4885"
"15 Jan 09","1.4986"
"14 Jan 09","1.4945"
"13 Jan 09","1.4889"
"12 Jan 09","1.4867"
"09 Jan 09","1.4834"
"08 Jan 09","1.4791"
"07 Jan 09","1.4723"
"06 Jan 09","1.4763"
"05 Jan 09","1.4727"
"02 Jan 09","1.4517"
"31 Dec 08","1.4405"
"30 Dec 08","1.4389"
"29 Dec 08","1.4392"
"24 Dec 08","1.4465"
"23 Dec 08","1.4449"
"22 Dec 08","1.4497"
"19 Dec 08","1.4571"
"18 Dec 08","1.427"
"17 Dec 08","1.4463"
"16 Dec 08","1.4706"
"15 Dec 08","1.4766"
"12 Dec 08","1.4852"
"11 Dec 08","1.4866"
"10 Dec 08","1.5005"
"09 Dec 08","1.5054"
"08 Dec 08","1.5065"
"05 Dec 08","1.5245"
"04 Dec 08","1.5243"
"03 Dec 08","1.5285"
"02 Dec 08","1.5307"
"01 Dec 08","1.5311"
"28 Nov 08","1.5083"
"27 Nov 08","1.5092"
"26 Nov 08","1.5115"
"25 Nov 08","1.5098"
"24 Nov 08","1.5111"
"21 Nov 08","1.5322"
"20 Nov 08","1.5307"
"19 Nov 08","1.5271"
"18 Nov 08","1.5282"
"17 Nov 08","1.5236"
"14 Nov 08","1.5208"
"13 Nov 08","1.5148"
"12 Nov 08","1.5095"
"11 Nov 08","1.507"
"10 Nov 08","1.4867"
"07 Nov 08","1.493"
"06 Nov 08","1.4915"
"05 Nov 08","1.4757"
"04 Nov 08","1.4735"
"03 Nov 08","1.4779"
"31 Oct 08","1.4838"
"30 Oct 08","1.4747"
"29 Oct 08","1.4984"
"28 Oct 08","1.5031"
"27 Oct 08","1.5114"
"24 Oct 08","1.5038"
"23 Oct 08","1.5045"
"22 Oct 08","1.4994"
"21 Oct 08","1.4795"
"20 Oct 08","1.4782"
"17 Oct 08","1.4792"
"16 Oct 08","1.4836"
"15 Oct 08","1.4693"
"14 Oct 08","1.463"
"13 Oct 08","1.4718"
"10 Oct 08","1.4824"
"09 Oct 08","1.4703"
"08 Oct 08","1.4671"
"07 Oct 08","1.4612"
"06 Oct 08","1.4694"
"03 Oct 08","1.4486"
"02 Oct 08","1.4485"
"01 Oct 08","1.4372"
"30 Sep 08","1.4298"
"29 Sep 08","1.4298"
"26 Sep 08","1.4261"
"25 Sep 08","1.4224"
"24 Sep 08","1.4234"
"23 Sep 08","1.4123"
"22 Sep 08","1.4141"
"19 Sep 08","1.4293"
"18 Sep 08","1.4331"
"17 Sep 08","1.4345"
"16 Sep 08","1.438"
"15 Sep 08","1.4275"
"12 Sep 08","1.4287"
"11 Sep 08","1.4459"
"10 Sep 08","1.4337"
"09 Sep 08","1.4323"
"08 Sep 08","1.4276"
"05 Sep 08","1.4359"
"04 Sep 08","1.4347"
"03 Sep 08","1.4364"
"02 Sep 08","1.4299"
"01 Sep 08","1.4245"
"29 Aug 08","1.4148"
"28 Aug 08","1.4185"
"27 Aug 08","1.4193"
"26 Aug 08","1.4246"
"22 Aug 08","1.4112"
"21 Aug 08","1.4084"
"20 Aug 08","1.4133"
"19 Aug 08","1.4175"
"18 Aug 08","1.414"
"15 Aug 08","1.4175"
"14 Aug 08","1.4076"
"13 Aug 08","1.4035"
"12 Aug 08","1.4088"
"11 Aug 08","1.4093"
"08 Aug 08","1.4045"
"07 Aug 08","1.3925"
"06 Aug 08","1.3822"
"05 Aug 08","1.3796"
"04 Aug 08","1.3736"
"01 Aug 08","1.3728"
"31 Jul 08","1.3683"
"30 Jul 08","1.3685"
"29 Jul 08","1.3682"
"28 Jul 08","1.3625"
"25 Jul 08","1.3617"
"24 Jul 08","1.3617"
"23 Jul 08","1.3649"
"22 Jul 08","1.3554"
"21 Jul 08","1.3528"
"18 Jul 08","1.3536"
"17 Jul 08","1.3503"
"16 Jul 08","1.3503"
"15 Jul 08","1.3463"
"14 Jul 08","1.3531"
"11 Jul 08","1.3564"
"10 Jul 08","1.3599"
"09 Jul 08","1.3612"
"08 Jul 08","1.3646"
"07 Jul 08","1.365"
"04 Jul 08","1.3626"
"03 Jul 08","1.3627"
"02 Jul 08","1.3595"
"01 Jul 08","1.3635"
"30 Jun 08","1.3587"
"27 Jun 08","1.3628"
"26 Jun 08","1.3647"
"25 Jun 08","1.3703"
"24 Jun 08","1.3663"
"23 Jun 08","1.3697"
"20 Jun 08","1.3654"
"19 Jun 08","1.3693"
"18 Jun 08","1.3702"
"17 Jun 08","1.3686"
"16 Jun 08","1.3735"
"13 Jun 08","1.3802"
"12 Jun 08","1.3794"
"11 Jun 08","1.3726"
"10 Jun 08","1.3713"
"09 Jun 08","1.3632"
"06 Jun 08","1.3638"
"05 Jun 08","1.3693"
"04 Jun 08","1.3638"
"03 Jun 08","1.3635"
"02 Jun 08","1.3643"
"30 May 08","1.3641"
"29 May 08","1.3666"
"28 May 08","1.3643"
"27 May 08","1.3625"
"23 May 08","1.3586"
"22 May 08","1.3597"
"21 May 08","1.3578"
"20 May 08","1.3664"
"19 May 08","1.3713"
"16 May 08","1.3706"
"15 May 08","1.3799"
"14 May 08","1.3784"
"13 May 08","1.3716"
"12 May 08","1.3672"
"09 May 08","1.3691"
"08 May 08","1.3759"
"07 May 08","1.3673"
"06 May 08","1.3588"
"02 May 08","1.3644"
"01 May 08","1.3609"
"30 Apr 08","1.3576"
"29 Apr 08","1.3611"
"28 Apr 08","1.3621"
"25 Apr 08","1.3628"
"24 Apr 08","1.3599"
"23 Apr 08","1.3522"
"22 Apr 08","1.3517"
"21 Apr 08","1.3529"
"18 Apr 08","1.3595"
"17 Apr 08","1.3527"
"16 Apr 08","1.3511"
"15 Apr 08","1.358"
"14 Apr 08","1.3579"
"11 Apr 08","1.357"
"10 Apr 08","1.3571"
"09 Apr 08","1.38"
"08 Apr 08","1.3814"
"07 Apr 08","1.381"
"04 Apr 08","1.3817"
"03 Apr 08","1.3864"
"02 Apr 08","1.3786"
"01 Apr 08","1.3784"
"31 Mar 08","1.3782"
"28 Mar 08","1.381"
"27 Mar 08","1.3793"
"26 Mar 08","1.3802"
"25 Mar 08","1.3841"
"20 Mar 08","1.3894"
"19 Mar 08","1.3848"
"18 Mar 08","1.3775"
"17 Mar 08","1.3802"
"14 Mar 08","1.3815"
"13 Mar 08","1.3797"
"12 Mar 08","1.3859"
"11 Mar 08","1.3854"
"10 Mar 08","1.3874"
"07 Mar 08","1.3859"
"06 Mar 08","1.3867"
"05 Mar 08","1.3894"
"04 Mar 08","1.3884"
"03 Mar 08","1.3908"
"29 Feb 08","1.3944"
"28 Feb 08","1.3957"
"27 Feb 08","1.3966"
"26 Feb 08","1.4055"
"25 Feb 08","1.4063"
"22 Feb 08","1.4065"
"21 Feb 08","1.4103"
"20 Feb 08","1.4107"
"19 Feb 08","1.413"
"18 Feb 08","1.4121"
"15 Feb 08","1.4117"
"14 Feb 08","1.4175"
"13 Feb 08","1.4188"
"12 Feb 08","1.415"
"11 Feb 08","1.4192"
"08 Feb 08","1.4178"
"07 Feb 08","1.417"
"06 Feb 08","1.4152"
"05 Feb 08","1.4186"
"04 Feb 08","1.4145"
"01 Feb 08","1.4148"
"31 Jan 08","1.4178"
"30 Jan 08","1.4194"
"29 Jan 08","1.4227"
"28 Jan 08","1.4208"
"25 Jan 08","1.4229"
"24 Jan 08","1.4271"
"23 Jan 08","1.4348"
"22 Jan 08","1.4351"
"21 Jan 08","1.4457"
"18 Jan 08","1.4358"
"17 Jan 08","1.435"
"16 Jan 08","1.431"
"15 Jan 08","1.428"
"14 Jan 08","1.429"
"11 Jan 08","1.4317"
"10 Jan 08","1.4322"
"09 Jan 08","1.4326"
"08 Jan 08","1.433"
"07 Jan 08","1.4361"
"04 Jan 08","1.4329"
"03 Jan 08","1.436"
"02 Jan 08","1.4374"
"31 Dec 07","1.4393"
"28 Dec 07","1.4468"
"27 Dec 07","1.4503"
"24 Dec 07","1.4528"
"21 Dec 07","1.4541"
"20 Dec 07","1.4617"
"19 Dec 07","1.4609"
"18 Dec 07","1.4592"
"17 Dec 07","1.4639"
"14 Dec 07","1.4506"
"13 Dec 07","1.4415"
"12 Dec 07","1.4401"
"11 Dec 07","1.4428"
"10 Dec 07","1.4405"
"07 Dec 07","1.441"
"06 Dec 07","1.4458"
"05 Dec 07","1.4461"
"04 Dec 07","1.4446"
"03 Dec 07","1.4484"
"30 Nov 07","1.4458"
"29 Nov 07","1.4491"
"28 Nov 07","1.4443"
"27 Nov 07","1.4415"
"26 Nov 07","1.4423"
"23 Nov 07","1.441"
"22 Nov 07","1.4503"
"21 Nov 07","1.4548"
"20 Nov 07","1.4503"
"19 Nov 07","1.4474"
"16 Nov 07","1.453"
"15 Nov 07","1.4517"
"14 Nov 07","1.4458"
"13 Nov 07","1.4478"
"12 Nov 07","1.4533"
"09 Nov 07","1.441"
"08 Nov 07","1.4388"
"07 Nov 07","1.4399"
"06 Nov 07","1.4483"
"05 Nov 07","1.45"
"02 Nov 07","1.4495"
"01 Nov 07","1.45"
"31 Oct 07","1.4482"
"30 Oct 07","1.4508"
"29 Oct 07","1.452"
"26 Oct 07","1.4537"
"25 Oct 07","1.456"
"24 Oct 07","1.4613"
"23 Oct 07","1.4637"
"22 Oct 07","1.4672"
"19 Oct 07","1.465"
"18 Oct 07","1.4608"
"17 Oct 07","1.4634"
"16 Oct 07","1.4685"
"15 Oct 07","1.4649"
"12 Oct 07","1.464"
"11 Oct 07","1.4614"
"10 Oct 07","1.4649"
"09 Oct 07","1.4728"
"08 Oct 07","1.4734"
"05 Oct 07","1.4741"
"04 Oct 07","1.4792"
"03 Oct 07","1.4793"
"02 Oct 07","1.4848"
"01 Oct 07","1.4767"
"28 Sep 07","1.4845"
"27 Sep 07","1.492"
"26 Sep 07","1.4965"
"25 Sep 07","1.5018"
"24 Sep 07","1.499"
"21 Sep 07","1.5055"
"20 Sep 07","1.5031"
"19 Sep 07","1.5072"
"18 Sep 07","1.5175"
"17 Sep 07","1.5155"
"14 Sep 07","1.5118"
"13 Sep 07","1.5093"
"12 Sep 07","1.5145"
"11 Sep 07","1.5196"
"10 Sep 07","1.5246"
"07 Sep 07","1.5242"
"06 Sep 07","1.5228"
"05 Sep 07","1.5276"
"04 Sep 07","1.527"
"03 Sep 07","1.5235"
"31 Aug 07","1.5238"
"30 Aug 07","1.5256"
"29 Aug 07","1.524"
"28 Aug 07","1.5243"
"24 Aug 07","1.5221"
"23 Aug 07","1.5237"
"22 Aug 07","1.5241"
"21 Aug 07","1.5344"
"20 Aug 07","1.5269"
"17 Aug 07","1.5299"
"16 Aug 07","1.5338"
"15 Aug 07","1.5324"
"14 Aug 07","1.5226"
"13 Aug 07","1.5208"
"10 Aug 07","1.5245"
"09 Aug 07","1.5172"
"08 Aug 07","1.511"
"07 Aug 07","1.5167"
"06 Aug 07","1.5164"
"03 Aug 07","1.5183"
"02 Aug 07","1.5193"
"01 Aug 07","1.5219"
"31 Jul 07","1.517"
"30 Jul 07","1.5131"
"27 Jul 07","1.5137"
"26 Jul 07","1.5142"
"25 Jul 07","1.5107"
"24 Jul 07","1.5057"
"23 Jul 07","1.5082"
"20 Jul 07","1.5114"
"19 Jul 07","1.5126"
"18 Jul 07","1.5163"
"17 Jul 07","1.5176"
"16 Jul 07","1.5166"
"13 Jul 07","1.5164"
"12 Jul 07","1.516"
"11 Jul 07","1.5152"
"10 Jul 07","1.5162"
"09 Jul 07","1.5206"
"06 Jul 07","1.5198"
"05 Jul 07","1.5212"
"04 Jul 07","1.5216"
"03 Jul 07","1.523"
"02 Jul 07","1.5238"
"29 Jun 07","1.5293"
"28 Jun 07","1.5333"
"27 Jun 07","1.5381"
"26 Jun 07","1.5384"
"25 Jun 07","1.5376"
"22 Jun 07","1.5386"
"21 Jun 07","1.5367"
"20 Jun 07","1.5355"
"19 Jun 07","1.5379"
"18 Jun 07","1.5388"
"15 Jun 07","1.5413"
"14 Jun 07","1.5423"
"13 Jun 07","1.5424"
"12 Jun 07","1.541"
"11 Jun 07","1.5424"
"08 Jun 07","1.5406"
"07 Jun 07","1.5363"
"06 Jun 07","1.5332"
"05 Jun 07","1.5307"
"04 Jun 07","1.5305"
"01 Jun 07","1.5318"
"31 May 07","1.5303"
"30 May 07","1.5319"
"29 May 07","1.5278"
"25 May 07","1.5286"
"24 May 07","1.5279"
"23 May 07","1.5287"
"22 May 07","1.533"
"21 May 07","1.5276"
"18 May 07","1.5263"
"17 May 07","1.5271"
"16 May 07","1.5205"
"15 May 07","1.5168"
"14 May 07","1.5155"
"11 May 07","1.5176"
"10 May 07","1.5179"
"09 May 07","1.5139"
"08 May 07","1.5161"
"04 May 07","1.5163"
"03 May 07","1.5237"
"02 May 07","1.5259"
"01 May 07","1.5212"
"30 Apr 07","1.5198"
"27 Apr 07","1.5186"
"26 Apr 07","1.5151"
"25 Apr 07","1.5116"
"24 Apr 07","1.5136"
"23 Apr 07","1.5125"
"20 Apr 07","1.5116"
"19 Apr 07","1.5123"
"18 Apr 07","1.5128"
"17 Apr 07","1.5139"
"16 Apr 07","1.5137"
"13 Apr 07","1.516"
"12 Apr 07","1.5184"
"11 Apr 07","1.5172"
"10 Apr 07","1.5164"
"05 Apr 07","1.513"
"04 Apr 07","1.5148"
"03 Apr 07","1.5189"
"02 Apr 07","1.5201"
"30 Mar 07","1.5185"
"29 Mar 07","1.5174"
"28 Mar 07","1.5192"
"27 Mar 07","1.5158"
"26 Mar 07","1.5167"
"23 Mar 07","1.5178"
"22 Mar 07","1.5178"
"21 Mar 07","1.5233"
"20 Mar 07","1.526"
"19 Mar 07","1.5256"
"16 Mar 07","1.5256"
"15 Mar 07","1.5328"
"14 Mar 07","1.5339"
"13 Mar 07","1.5289"
"12 Mar 07","1.5269"
"09 Mar 07","1.5269"
"08 Mar 07","1.5282"
"07 Mar 07","1.5263"
"06 Mar 07","1.5285"
"05 Mar 07","1.5313"
"02 Mar 07","1.5275"
"01 Mar 07","1.5271"
"28 Feb 07","1.5301"
"27 Feb 07","1.5256"
"26 Feb 07","1.5275"
"23 Feb 07","1.5322"
"22 Feb 07","1.5334"
"21 Feb 07","1.5342"
"20 Feb 07","1.5346"
"19 Feb 07","1.5325"
"16 Feb 07","1.5317"
"15 Feb 07","1.5362"
"14 Feb 07","1.5361"
"13 Feb 07","1.5422"
"12 Feb 07","1.5399"
"09 Feb 07","1.5338"
"08 Feb 07","1.5325"
"07 Feb 07","1.5328"
"06 Feb 07","1.5331"
"05 Feb 07","1.5342"
"02 Feb 07","1.5358"
"01 Feb 07","1.5337"
"31 Jan 07","1.5367"
"30 Jan 07","1.5377"
"29 Jan 07","1.5398"
"26 Jan 07","1.5378"
"25 Jan 07","1.5339"
"24 Jan 07","1.536"
"23 Jan 07","1.5343"
"22 Jan 07","1.538"
"19 Jan 07","1.5376"
"18 Jan 07","1.5383"
"17 Jan 07","1.5378"
"16 Jan 07","1.5392"
"15 Jan 07","1.542"
"12 Jan 07","1.5437"
"11 Jan 07","1.5436"
"10 Jan 07","1.5387"
"09 Jan 07","1.5367"
"08 Jan 07","1.5368"
"05 Jan 07","1.536"
"04 Jan 07","1.5387"
"03 Jan 07","1.533"
"02 Jan 07","1.5302"
"29 Dec 06","1.5348"
"28 Dec 06","1.5351"
"27 Dec 06","1.5376"
"22 Dec 06","1.5404"
"21 Dec 06","1.5429"
"20 Dec 06","1.5399"
"19 Dec 06","1.5434"
"18 Dec 06","1.5458"
"15 Dec 06","1.5423"
"14 Dec 06","1.5392"
"13 Dec 06","1.5393"
"12 Dec 06","1.543"
"11 Dec 06","1.5447"
"08 Dec 06","1.5432"
"07 Dec 06","1.5377"
"06 Dec 06","1.5392"
"05 Dec 06","1.5386"
"04 Dec 06","1.5407"
"01 Dec 06","1.5392"
"30 Nov 06","1.5407"
"29 Nov 06","1.5449"
"28 Nov 06","1.5498"
"27 Nov 06","1.5499"
"24 Nov 06","1.5503"
"23 Nov 06","1.5498"
"22 Nov 06","1.553"
"21 Nov 06","1.5588"
"20 Nov 06","1.5569"
"17 Nov 06","1.557"
"16 Nov 06","1.5572"
"15 Nov 06","1.5599"
"14 Nov 06","1.5562"
"13 Nov 06","1.5598"
"10 Nov 06","1.555"
"09 Nov 06","1.562"
"08 Nov 06","1.5614"
"07 Nov 06","1.5602"
"06 Nov 06","1.5669"
"03 Nov 06","1.5631"
"02 Nov 06","1.5612"
"01 Nov 06","1.5597"
"31 Oct 06","1.557"
"30 Oct 06","1.561"
"27 Oct 06","1.559"
"26 Oct 06","1.5679"
"25 Oct 06","1.5716"
"24 Oct 06","1.5759"
"23 Oct 06","1.5769"
"20 Oct 06","1.5742"
"19 Oct 06","1.5737"
"18 Oct 06","1.5768"
"17 Oct 06","1.5801"
"16 Oct 06","1.5845"
"13 Oct 06","1.5871"
"12 Oct 06","1.587"
"11 Oct 06","1.5887"
"10 Oct 06","1.5902"
"09 Oct 06","1.5915"
"06 Oct 06","1.5899"
"05 Oct 06","1.5841"
"04 Oct 06","1.5847"
"03 Oct 06","1.5816"
"02 Oct 06","1.5848"
"29 Sep 06","1.5856"
"28 Sep 06","1.5858"
"27 Sep 06","1.5886"
"26 Sep 06","1.5884"
"25 Sep 06","1.5854"
"22 Sep 06","1.5844"
"21 Sep 06","1.5819"
"20 Sep 06","1.5852"
"19 Sep 06","1.5843"
"18 Sep 06","1.5887"
"15 Sep 06","1.5835"
"14 Sep 06","1.5784"
"13 Sep 06","1.5762"
"12 Sep 06","1.5764"
"11 Sep 06","1.5769"
"08 Sep 06","1.5731"
"07 Sep 06","1.5701"
"06 Sep 06","1.5692"
"05 Sep 06","1.5681"
"04 Sep 06","1.5675"
"01 Sep 06","1.5735"
"31 Aug 06","1.5726"
"30 Aug 06","1.5741"
"29 Aug 06","1.5756"
"25 Aug 06","1.5801"
"24 Aug 06","1.5775"
"23 Aug 06","1.5723"
"22 Aug 06","1.5742"
"21 Aug 06","1.5709"
"18 Aug 06","1.5731"
"17 Aug 06","1.5726"
"16 Aug 06","1.5733"
"15 Aug 06","1.5778"
"14 Aug 06","1.5796"
"11 Aug 06","1.5776"
"10 Aug 06","1.5719"
"09 Aug 06","1.5723"
"08 Aug 06","1.5734"
"07 Aug 06","1.5728"
"04 Aug 06","1.5728"
"03 Aug 06","1.5789"
"02 Aug 06","1.5808"
"01 Aug 06","1.5814"
"31 Jul 06","1.5763"
"28 Jul 06","1.5796"
"27 Jul 06","1.5783"
"26 Jul 06","1.5822"
"25 Jul 06","1.5862"
"24 Jul 06","1.5864"
"21 Jul 06","1.5817"
"20 Jul 06","1.5852"
"19 Jul 06","1.59"
"18 Jul 06","1.5938"
"17 Jul 06","1.5958"
"14 Jul 06","1.5888"
"13 Jul 06","1.5809"
"12 Jul 06","1.5844"
"11 Jul 06","1.5792"
"10 Jul 06","1.5743"
"07 Jul 06","1.5755"
"06 Jul 06","1.5822"
"05 Jul 06","1.5866"
"04 Jul 06","1.5786"
"03 Jul 06","1.5836"
"30 Jun 06","1.5814"
"29 Jun 06","1.5966"
"28 Jun 06","1.5988"
"27 Jun 06","1.5956"
"26 Jun 06","1.6006"
"23 Jun 06","1.5972"
"22 Jun 06","1.5968"
"21 Jun 06","1.5916"
"20 Jun 06","1.594"
"19 Jun 06","1.5989"
"16 Jun 06","1.5932"
"15 Jun 06","1.5914"
"14 Jun 06","1.595"
"13 Jun 06","1.5988"
"12 Jun 06","1.5943"
"09 Jun 06","1.5941"
"08 Jun 06","1.5957"
"07 Jun 06","1.5856"
"06 Jun 06","1.582"
"05 Jun 06","1.5755"
"02 Jun 06","1.573"
"01 Jun 06","1.5813"
"31 May 06","1.5756"
"30 May 06","1.5742"
"26 May 06","1.5825"
"25 May 06","1.5808"
"24 May 06","1.5905"
"23 May 06","1.5777"
"22 May 06","1.5878"
"19 May 06","1.5864"
"18 May 06","1.5773"
"17 May 06","1.5714"
"16 May 06","1.5768"
"15 May 06","1.5818"
"12 May 06","1.5672"
"11 May 06","1.5643"
"10 May 06","1.5642"
"09 May 06","1.5673"
"08 May 06","1.5674"
"05 May 06","1.5712"
"04 May 06","1.5772"
"03 May 06","1.5735"
"02 May 06","1.5784"
"28 Apr 06","1.5819"
"27 Apr 06","1.5833"
"26 Apr 06","1.5876"
"25 Apr 06","1.589"
"24 Apr 06","1.5869"
"21 Apr 06","1.5968"
"20 Apr 06","1.5973"
"19 Apr 06","1.5991"
"18 Apr 06","1.6015"
"13 Apr 06","1.6083"
"12 Apr 06","1.6115"
"11 Apr 06","1.6154"
"10 Apr 06","1.6074"
"07 Apr 06","1.6069"
"06 Apr 06","1.606"
"05 Apr 06","1.6082"
"04 Apr 06","1.6095"
"03 Apr 06","1.6158"
"31 Mar 06","1.6177"
"30 Mar 06","1.6179"
"29 Mar 06","1.6217"
"28 Mar 06","1.6172"
"27 Mar 06","1.6177"
"24 Mar 06","1.6206"
"23 Mar 06","1.6192"
"22 Mar 06","1.6157"
"21 Mar 06","1.6197"
"20 Mar 06","1.6147"
"17 Mar 06","1.6179"
"16 Mar 06","1.6182"
"15 Mar 06","1.6193"
"14 Mar 06","1.6224"
"13 Mar 06","1.6271"
"10 Mar 06","1.6293"
"09 Mar 06","1.6284"
"08 Mar 06","1.6307"
"07 Mar 06","1.6319"
"06 Mar 06","1.6278"
"03 Mar 06","1.6211"
"02 Mar 06","1.6145"
"01 Mar 06","1.618"
"28 Feb 06","1.6213"
"27 Feb 06","1.6222"
"24 Feb 06","1.6248"
"23 Feb 06","1.6251"
"22 Feb 06","1.6324"
"21 Feb 06","1.6313"
"20 Feb 06","1.6289"
"17 Feb 06","1.6343"
"16 Feb 06","1.635"
"15 Feb 06","1.6278"
"14 Feb 06","1.6291"
"13 Feb 06","1.6286"
"10 Feb 06","1.6262"
"09 Feb 06","1.6288"
"08 Feb 06","1.632"
"07 Feb 06","1.6275"
"06 Feb 06","1.6277"
"03 Feb 06","1.6362"
"02 Feb 06","1.6324"
"01 Feb 06","1.6266"
"31 Jan 06","1.6229"
"30 Jan 06","1.6306"
"27 Jan 06","1.6247"
"26 Jan 06","1.6233"
"25 Jan 06","1.6213"
"24 Jan 06","1.6219"
"23 Jan 06","1.6205"
"20 Jan 06","1.6268"
"19 Jan 06","1.6293"
"18 Jan 06","1.629"
"17 Jan 06","1.6358"
"16 Jan 06","1.634"
"13 Jan 06","1.6291"
"12 Jan 06","1.6262"
"11 Jan 06","1.6297"
"10 Jan 06","1.6334"
"09 Jan 06","1.636"
"06 Jan 06","1.6394"
"05 Jan 06","1.6464"
"04 Jan 06","1.6456"
"03 Jan 06","1.6527"
"30 Dec 05","1.6628"
"29 Dec 05","1.6648"
"28 Dec 05","1.6656"
"23 Dec 05","1.6657"
"22 Dec 05","1.6692"
"21 Dec 05","1.6681"
"20 Dec 05","1.6648"
"19 Dec 05","1.6623"
"16 Dec 05","1.6665"
"15 Dec 05","1.6685"
"14 Dec 05","1.6693"
"13 Dec 05","1.6733"
"12 Dec 05","1.6797"
"09 Dec 05","1.6823"
"08 Dec 05","1.6842"
"07 Dec 05","1.6862"
"06 Dec 05","1.6863"
"05 Dec 05","1.6869"
"02 Dec 05","1.6885"
"01 Dec 05","1.6917"
"30 Nov 05","1.6902"
"29 Nov 05","1.6935"
"28 Nov 05","1.6943"
"25 Nov 05","1.6935"
"24 Nov 05","1.6896"
"23 Nov 05","1.6922"
"22 Nov 05","1.7003"
"21 Nov 05","1.6991"
"18 Nov 05","1.7011"
"17 Nov 05","1.7005"
"16 Nov 05","1.7035"
"15 Nov 05","1.7028"
"14 Nov 05","1.7058"
"11 Nov 05","1.7039"
"10 Nov 05","1.7023"
"09 Nov 05","1.7016"
"08 Nov 05","1.7023"
"07 Nov 05","1.7"
"04 Nov 05","1.701"
"03 Nov 05","1.6968"
"02 Nov 05","1.6946"
"01 Nov 05","1.6957"
"31 Oct 05","1.6957"
"28 Oct 05","1.6928"
"27 Oct 05","1.6871"
"26 Oct 05","1.6928"
"25 Oct 05","1.6893"
"24 Oct 05","1.6939"
"21 Oct 05","1.695"
"20 Oct 05","1.6948"
"19 Oct 05","1.6954"
"18 Oct 05","1.6953"
"17 Oct 05","1.6922"
"14 Oct 05","1.6889"
"13 Oct 05","1.6942"
"12 Oct 05","1.6913"
"11 Oct 05","1.6919"
"10 Oct 05","1.6853"
"07 Oct 05","1.6847"
"06 Oct 05","1.6822"
"05 Oct 05","1.6923"
"04 Oct 05","1.6942"
"03 Oct 05","1.6962"
"30 Sep 05","1.6897"
"29 Sep 05","1.6904"
"28 Sep 05","1.6938"
"27 Sep 05","1.6939"
"26 Sep 05","1.6895"
"23 Sep 05","1.6853"
"22 Sep 05","1.6817"
"21 Sep 05","1.6795"
"20 Sep 05","1.6809"
"19 Sep 05","1.6823"
"16 Sep 05","1.6819"
"15 Sep 05","1.6788"
"14 Sep 05","1.6777"
"13 Sep 05","1.6827"
"12 Sep 05","1.6773"
"09 Sep 05","1.6745"
"08 Sep 05","1.6778"
"07 Sep 05","1.6783"
"06 Sep 05","1.6765"
"05 Sep 05","1.6729"
"02 Sep 05","1.6763"
"01 Sep 05","1.6776"
"31 Aug 05","1.6847"
"30 Aug 05","1.6853"
"26 Aug 05","1.6717"
"25 Aug 05","1.6722"
"24 Aug 05","1.6712"
"23 Aug 05","1.6698"
"22 Aug 05","1.6674"
"19 Aug 05","1.6703"
"18 Aug 05","1.6652"
"17 Aug 05","1.6585"
"16 Aug 05","1.6564"
"15 Aug 05","1.6593"
"12 Aug 05","1.6513"
"11 Aug 05","1.6478"
"10 Aug 05","1.6459"
"09 Aug 05","1.6547"
"08 Aug 05","1.6526"
"05 Aug 05","1.6542"
"04 Aug 05","1.6525"
"03 Aug 05","1.6511"
"02 Aug 05","1.6544"
"01 Aug 05","1.6595"
"29 Jul 05","1.6604"
"28 Jul 05","1.6664"
"27 Jul 05","1.6662"
"26 Jul 05","1.6686"
"25 Jul 05","1.6622"
"22 Jul 05","1.6557"
"21 Jul 05","1.6559"
"20 Jul 05","1.6915"
"19 Jul 05","1.6906"
"18 Jul 05","1.6872"
"15 Jul 05","1.6874"
"14 Jul 05","1.6895"
"13 Jul 05","1.6943"
"12 Jul 05","1.6866"
"11 Jul 05","1.6958"
"08 Jul 05","1.7012"
"07 Jul 05","1.6983"
"06 Jul 05","1.6962"
"05 Jul 05","1.6963"
"04 Jul 05","1.6939"
"01 Jul 05","1.6916"
"30 Jun 05","1.6872"
"29 Jun 05","1.6855"
"28 Jun 05","1.6815"
"27 Jun 05","1.676"
"24 Jun 05","1.6736"
"23 Jun 05","1.6709"
"22 Jun 05","1.6716"
"21 Jun 05","1.6705"
"20 Jun 05","1.6754"
"17 Jun 05","1.6704"
"16 Jun 05","1.6756"
"15 Jun 05","1.6737"
"14 Jun 05","1.6762"
"13 Jun 05","1.6814"
"10 Jun 05","1.6701"
"09 Jun 05","1.6645"
"08 Jun 05","1.6596"
"07 Jun 05","1.6607"
"06 Jun 05","1.6618"
"03 Jun 05","1.6655"
"02 Jun 05","1.6709"
"01 Jun 05","1.6727"
"31 May 05","1.6626"
"27 May 05","1.6596"
"26 May 05","1.6611"
"25 May 05","1.6574"
"24 May 05","1.6544"
"23 May 05","1.6616"
"20 May 05","1.6621"
"19 May 05","1.6564"
"18 May 05","1.6518"
"17 May 05","1.6556"
"16 May 05","1.6575"
"13 May 05","1.6573"
"12 May 05","1.6546"
"11 May 05","1.6442"
"10 May 05","1.6438"
"09 May 05","1.6444"
"06 May 05","1.641"
"05 May 05","1.6364"
"04 May 05","1.635"
"03 May 05","1.6397"
"29 Apr 05","1.6346"
"28 Apr 05","1.6467"
"27 Apr 05","1.6465"
"26 Apr 05","1.6478"
"25 Apr 05","1.6463"
"22 Apr 05","1.6471"
"21 Apr 05","1.6487"
"20 Apr 05","1.6484"
"19 Apr 05","1.6516"
"18 Apr 05","1.6554"
"15 Apr 05","1.6557"
"14 Apr 05","1.6555"
"13 Apr 05","1.6445"
"12 Apr 05","1.6501"
"11 Apr 05","1.6504"
"08 Apr 05","1.658"
"07 Apr 05","1.6564"
"06 Apr 05","1.6632"
"05 Apr 05","1.6623"
"04 Apr 05","1.6668"
"01 Apr 05","1.6582"
"31 Mar 05","1.6487"
"30 Mar 05","1.651"
"29 Mar 05","1.6516"
"24 Mar 05","1.645"
"23 Mar 05","1.6401"
"22 Mar 05","1.6346"
"21 Mar 05","1.6294"
"18 Mar 05","1.6291"
"17 Mar 05","1.6232"
"16 Mar 05","1.6196"
"15 Mar 05","1.6225"
"14 Mar 05","1.6228"
"11 Mar 05","1.6187"
"10 Mar 05","1.6197"
"09 Mar 05","1.6188"
"08 Mar 05","1.6202"
"07 Mar 05","1.6263"
"04 Mar 05","1.6245"
"03 Mar 05","1.6261"
"02 Mar 05","1.6263"
"01 Mar 05","1.6226"
"28 Feb 05","1.6242"
"25 Feb 05","1.6321"
"24 Feb 05","1.6316"
"23 Feb 05","1.628"
"22 Feb 05","1.6269"
"21 Feb 05","1.6371"
"18 Feb 05","1.6373"
"17 Feb 05","1.6418"
"16 Feb 05","1.6433"
"15 Feb 05","1.6389"
"14 Feb 05","1.6389"
"11 Feb 05","1.6488"
"10 Feb 05","1.6511"
"09 Feb 05","1.65"
"08 Feb 05","1.6493"
"07 Feb 05","1.6387"
"04 Feb 05","1.6343"
"03 Feb 05","1.6395"
"02 Feb 05","1.6373"
"01 Feb 05","1.6419"
"31 Jan 05","1.6365"
"28 Jan 05","1.6363"
"27 Jan 05","1.6333"
"26 Jan 05","1.6319"
"25 Jan 05","1.6407"
"24 Jan 05","1.6331"
"21 Jan 05","1.6363"
"20 Jan 05","1.6372"
"19 Jan 05","1.6316"
"18 Jan 05","1.6348"
"17 Jan 05","1.634"
"14 Jan 05","1.637"
"13 Jan 05","1.6245"
"12 Jan 05","1.632"
"11 Jan 05","1.6397"
"10 Jan 05","1.6456"
"07 Jan 05","1.6493"
"06 Jan 05","1.6501"
"05 Jan 05","1.6467"
"04 Jan 05","1.6465"
"31 Dec 04","1.6325"
"30 Dec 04","1.6372"
"29 Dec 04","1.6403"
"24 Dec 04","1.6398"
"23 Dec 04","1.6378"
"22 Dec 04","1.6403"
"21 Dec 04","1.6415"
"20 Dec 04","1.6399"
"17 Dec 04","1.6471"
"16 Dec 04","1.6418"
"15 Dec 04","1.6381"
"14 Dec 04","1.6491"
"13 Dec 04","1.6469"
"10 Dec 04","1.6542"
"09 Dec 04","1.6501"
"08 Dec 04","1.6488"
"07 Dec 04","1.6343"
"06 Dec 04","1.6341"
"03 Dec 04","1.6359"
"02 Dec 04","1.6349"
"01 Dec 04","1.6323"
"30 Nov 04","1.6367"
"29 Nov 04","1.6368"
"26 Nov 04","1.64"
"25 Nov 04","1.6402"
"24 Nov 04","1.6421"
"23 Nov 04","1.6426"
"22 Nov 04","1.6465"
"19 Nov 04","1.6465"
"18 Nov 04","1.6532"
"17 Nov 04","1.6467"
"16 Nov 04","1.6512"
"15 Nov 04","1.6524"
"12 Nov 04","1.6523"
"11 Nov 04","1.6567"
"10 Nov 04","1.6589"
"09 Nov 04","1.6542"
"08 Nov 04","1.6523"
"05 Nov 04","1.6547"
"04 Nov 04","1.6553"
"03 Nov 04","1.6659"
"02 Nov 04","1.6682"
"01 Nov 04","1.6678"
"29 Oct 04","1.6635"
"28 Oct 04","1.6641"
"27 Oct 04","1.663"
"26 Oct 04","1.6621"
"25 Oct 04","1.6636"
"22 Oct 04","1.6681"
"21 Oct 04","1.6736"
"20 Oct 04","1.6729"
"19 Oct 04","1.6736"
"18 Oct 04","1.6776"
"15 Oct 04","1.678"
"14 Oct 04","1.6822"
"13 Oct 04","1.6859"
"12 Oct 04","1.6855"
"11 Oct 04","1.6805"
"08 Oct 04","1.681"
"07 Oct 04","1.6896"
"06 Oct 04","1.6912"
"05 Oct 04","1.6844"
"04 Oct 04","1.6871"
"01 Oct 04","1.6843"
"30 Sep 04","1.6837"
"29 Sep 04","1.6913"
"28 Sep 04","1.6973"
"27 Sep 04","1.6926"
"24 Sep 04","1.6903"
"23 Sep 04","1.6921"
"22 Sep 04","1.6937"
"21 Sep 04","1.691"
"20 Sep 04","1.6898"
"17 Sep 04","1.6928"
"16 Sep 04","1.6906"
"15 Sep 04","1.6912"
"14 Sep 04","1.6903"
"13 Sep 04","1.6972"
"10 Sep 04","1.6977"
"09 Sep 04","1.6999"
"08 Sep 04","1.6982"
"07 Sep 04","1.6991"
"06 Sep 04","1.7053"
"03 Sep 04","1.7036"
"02 Sep 04","1.7016"
"01 Sep 04","1.7078"
"31 Aug 04","1.7124"
"27 Aug 04","1.7124"
"26 Aug 04","1.7133"
"25 Aug 04","1.7123"
"24 Aug 04","1.7115"
"23 Aug 04","1.7085"
"20 Aug 04","1.7083"
"19 Aug 04","1.7097"
"18 Aug 04","1.7139"
"17 Aug 04","1.7127"
"16 Aug 04","1.7154"
"13 Aug 04","1.7149"
"12 Aug 04","1.7162"
"11 Aug 04","1.7132"
"10 Aug 04","1.7122"
"09 Aug 04","1.7156"
"06 Aug 04","1.7162"
"05 Aug 04","1.7223"
"04 Aug 04","1.7236"
"03 Aug 04","1.7184"
"02 Aug 04","1.716"
"30 Jul 04","1.7208"
"29 Jul 04","1.7252"
"28 Jul 04","1.7279"
"27 Jul 04","1.7242"
"26 Jul 04","1.7212"
"23 Jul 04","1.7259"
"22 Jul 04","1.7159"
"21 Jul 04","1.7154"
"20 Jul 04","1.7035"
"19 Jul 04","1.6987"
"16 Jul 04","1.7011"
"15 Jul 04","1.7059"
"14 Jul 04","1.7029"
"13 Jul 04","1.7029"
"12 Jul 04","1.6964"
"09 Jul 04","1.7009"
"08 Jul 04","1.7066"
"07 Jul 04","1.707"
"06 Jul 04","1.7155"
"05 Jul 04","1.717"
"02 Jul 04","1.713"
"01 Jul 04","1.7153"
"30 Jun 04","1.7224"
"29 Jun 04","1.7175"
"28 Jun 04","1.7091"
"25 Jun 04","1.7067"
"24 Jun 04","1.713"
"23 Jun 04","1.7205"
"22 Jun 04","1.7188"
"21 Jun 04","1.7189"
"18 Jun 04","1.7163"
"17 Jun 04","1.7175"
"16 Jun 04","1.7171"
"15 Jun 04","1.7157"
"14 Jun 04","1.7205"
"11 Jun 04","1.7165"
"10 Jun 04","1.7146"
"09 Jun 04","1.708"
"08 Jun 04","1.7076"
"07 Jun 04","1.7043"
"04 Jun 04","1.7113"
"03 Jun 04","1.7115"
"02 Jun 04","1.7055"
"01 Jun 04","1.7011"
"28 May 04","1.7015"
"27 May 04","1.6998"
"26 May 04","1.7127"
"25 May 04","1.7145"
"24 May 04","1.7149"
"21 May 04","1.7142"
"20 May 04","1.7215"
"19 May 04","1.7138"
"18 May 04","1.7266"
"17 May 04","1.7275"
"14 May 04","1.7259"
"13 May 04","1.7249"
"12 May 04","1.7199"
"11 May 04","1.7255"
"10 May 04","1.723"
"07 May 04","1.7006"
"06 May 04","1.6894"
"05 May 04","1.685"
"04 May 04","1.696"
"30 Apr 04","1.7015"
"29 Apr 04","1.702"
"28 Apr 04","1.696"
"27 Apr 04","1.6971"
"26 Apr 04","1.6965"
"23 Apr 04","1.6965"
"22 Apr 04","1.6965"
"21 Apr 04","1.6901"
"20 Apr 04","1.6798"
"19 Apr 04","1.6812"
"16 Apr 04","1.6768"
"15 Apr 04","1.6816"
"14 Apr 04","1.6817"
"13 Apr 04","1.6711"
"08 Apr 04","1.6782"
"07 Apr 04","1.6733"
"06 Apr 04","1.6822"
"05 Apr 04","1.6781"
"02 Apr 04","1.6768"
"01 Apr 04","1.6716"
"31 Mar 04","1.6763"
"30 Mar 04","1.6841"
"29 Mar 04","1.6882"
"26 Mar 04","1.6909"
"25 Mar 04","1.6902"
"24 Mar 04","1.6894"
"23 Mar 04","1.687"
"22 Mar 04","1.6881"
"19 Mar 04","1.6932"
"18 Mar 04","1.6885"
"17 Mar 04","1.6986"
"16 Mar 04","1.7007"
"15 Mar 04","1.7096"
"12 Mar 04","1.7127"
"11 Mar 04","1.7124"
"10 Mar 04","1.7134"
"09 Mar 04","1.7045"
"08 Mar 04","1.7091"
"05 Mar 04","1.7062"
"04 Mar 04","1.7158"
"03 Mar 04","1.7131"
"02 Mar 04","1.7065"
"01 Mar 04","1.6996"
"27 Feb 04","1.7023"
"26 Feb 04","1.702"
"25 Feb 04","1.6909"
"24 Feb 04","1.691"
"23 Feb 04","1.6953"
"20 Feb 04","1.6916"
"19 Feb 04","1.6846"
"18 Feb 04","1.6768"
"17 Feb 04","1.6756"
"16 Feb 04","1.6742"
"13 Feb 04","1.6745"
"12 Feb 04","1.6738"
"11 Feb 04","1.6724"
"10 Feb 04","1.6764"
"09 Feb 04","1.6837"
"06 Feb 04","1.6861"
"05 Feb 04","1.6916"
"04 Feb 04","1.695"
"03 Feb 04","1.6916"
"02 Feb 04","1.6937"
"30 Jan 04","1.6948"
"29 Jan 04","1.6994"
"28 Jan 04","1.6906"
"27 Jan 04","1.6962"
"26 Jan 04","1.6947"
"23 Jan 04","1.6943"
"22 Jan 04","1.6917"
"21 Jan 04","1.6985"
"20 Jan 04","1.707"
"19 Jan 04","1.7093"
"16 Jan 04","1.702"
"15 Jan 04","1.6955"
"14 Jan 04","1.6951"
"13 Jan 04","1.6933"
"12 Jan 04","1.6935"
"09 Jan 04","1.6919"
"08 Jan 04","1.6949"
"07 Jan 04","1.6963"
"06 Jan 04","1.6986"
"05 Jan 04","1.6979"
"02 Jan 04","1.7021"
"31 Dec 03","1.6983"
"30 Dec 03","1.7024"
"29 Dec 03","1.7012"
"24 Dec 03","1.7059"
"23 Dec 03","1.7084"
"22 Dec 03","1.7093"
"19 Dec 03","1.7095"
"18 Dec 03","1.7089"
"17 Dec 03","1.7104"
"16 Dec 03","1.7054"
"15 Dec 03","1.7094"
"12 Dec 03","1.7111"
"11 Dec 03","1.7164"
"10 Dec 03","1.7142"
"09 Dec 03","1.713"
"08 Dec 03","1.7121"
"05 Dec 03","1.7161"
"04 Dec 03","1.7158"
"03 Dec 03","1.7175"
"02 Dec 03","1.7207"
"01 Dec 03","1.7233"
"28 Nov 03","1.724"
"27 Nov 03","1.7266"
"26 Nov 03","1.7228"
"25 Nov 03","1.7199"
"24 Nov 03","1.7197"
"21 Nov 03","1.7202"
"20 Nov 03","1.7182"
"19 Nov 03","1.7145"
"18 Nov 03","1.7192"
"17 Nov 03","1.7234"
"14 Nov 03","1.7208"
"13 Nov 03","1.7251"
"12 Nov 03","1.7288"
"11 Nov 03","1.7347"
"10 Nov 03","1.7344"
"07 Nov 03","1.7397"
"06 Nov 03","1.7398"
"05 Nov 03","1.7388"
"04 Nov 03","1.7432"
"03 Nov 03","1.7458"
"31 Oct 03","1.7404"
"30 Oct 03","1.7317"
"29 Oct 03","1.7366"
"28 Oct 03","1.7464"
"27 Oct 03","1.7414"
"24 Oct 03","1.7419"
"23 Oct 03","1.7435"
"22 Oct 03","1.7356"
"21 Oct 03","1.7446"
"20 Oct 03","1.746"
"17 Oct 03","1.7401"
"16 Oct 03","1.7376"
"15 Oct 03","1.742"
"14 Oct 03","1.7396"
"13 Oct 03","1.7241"
"10 Oct 03","1.7229"
"09 Oct 03","1.7227"
"08 Oct 03","1.7236"
"07 Oct 03","1.721"
"06 Oct 03","1.7265"
"03 Oct 03","1.7265"
"02 Oct 03","1.7273"
"01 Oct 03","1.7273"
"30 Sep 03","1.7286"
"29 Sep 03","1.7301"
"26 Sep 03","1.7326"
"25 Sep 03","1.7331"
"24 Sep 03","1.7354"
"23 Sep 03","1.7306"
"22 Sep 03","1.7306"
"19 Sep 03","1.7439"
"18 Sep 03","1.7493"
"17 Sep 03","1.7538"
"16 Sep 03","1.7513"
"15 Sep 03","1.7553"
"12 Sep 03","1.7516"
"11 Sep 03","1.7512"
"10 Sep 03","1.7509"
"09 Sep 03","1.7552"
"08 Sep 03","1.7587"
"05 Sep 03","1.7552"
"04 Sep 03","1.7569"
"03 Sep 03","1.7569"
"02 Sep 03","1.7562"
"01 Sep 03","1.752"
"29 Aug 03","1.7533"
"28 Aug 03","1.7543"
"27 Aug 03","1.752"
"26 Aug 03","1.7553"
"22 Aug 03","1.7417"
"21 Aug 03","1.7383"
"20 Aug 03","1.7454"
"19 Aug 03","1.7505"
"18 Aug 03","1.751"
"15 Aug 03","1.7476"
"14 Aug 03","1.7491"
"13 Aug 03","1.7547"
"12 Aug 03","1.755"
"11 Aug 03","1.7546"
"08 Aug 03","1.7566"
"07 Aug 03","1.754"
"06 Aug 03","1.7625"
"05 Aug 03","1.7653"
"04 Aug 03","1.76"
"01 Aug 03","1.758"
"31 Jul 03","1.7586"
"30 Jul 03","1.7568"
"29 Jul 03","1.754"
"28 Jul 03","1.7495"
"25 Jul 03","1.7453"
"24 Jul 03","1.7495"
"23 Jul 03","1.7545"
"22 Jul 03","1.7571"
"21 Jul 03","1.7565"
"18 Jul 03","1.7639"
"17 Jul 03","1.7613"
"16 Jul 03","1.7591"
"15 Jul 03","1.7549"
"14 Jul 03","1.7556"
"11 Jul 03","1.7548"
"10 Jul 03","1.7519"
"09 Jul 03","1.7476"
"08 Jul 03","1.7567"
"07 Jul 03","1.7581"
"04 Jul 03","1.7485"
"03 Jul 03","1.7505"
"02 Jul 03","1.7524"
"01 Jul 03","1.7565"
"30 Jun 03","1.7612"
"27 Jun 03","1.7553"
"26 Jun 03","1.7555"
"25 Jun 03","1.7385"
"24 Jun 03","1.7398"
"23 Jun 03","1.7406"
"20 Jun 03","1.7337"
"19 Jun 03","1.7324"
"18 Jun 03","1.7318"
"17 Jun 03","1.7284"
"16 Jun 03","1.7274"
"13 Jun 03","1.7325"
"12 Jun 03","1.7386"
"11 Jun 03","1.7343"
"10 Jun 03","1.7288"
"09 Jun 03","1.7244"
"06 Jun 03","1.7285"
"05 Jun 03","1.7172"
"04 Jun 03","1.725"
"03 Jun 03","1.7261"
"02 Jun 03","1.7287"
"30 May 03","1.7348"
"29 May 03","1.7327"
"28 May 03","1.7324"
"27 May 03","1.7205"
"23 May 03","1.7225"
"22 May 03","1.7219"
"21 May 03","1.7255"
"20 May 03","1.7262"
"19 May 03","1.7271"
"16 May 03","1.7244"
"15 May 03","1.7174"
"14 May 03","1.7307"
"13 May 03","1.7346"
"12 May 03","1.7315"
"09 May 03","1.7417"
"08 May 03","1.7382"
"07 May 03","1.7389"
"06 May 03","1.7433"
"02 May 03","1.7719"
"01 May 03","1.7684"
"30 Apr 03","1.7762"
"29 Apr 03","1.7779"
"28 Apr 03","1.7785"
"25 Apr 03","1.7853"
"24 Apr 03","1.7787"
"23 Apr 03","1.7791"
"22 Apr 03","1.7758"
"17 Apr 03","1.767"
"16 Apr 03","1.7782"
"15 Apr 03","1.7813"
"14 Apr 03","1.7795"
"11 Apr 03","1.7803"
"10 Apr 03","1.7759"
"09 Apr 03","1.7833"
"08 Apr 03","1.7838"
"07 Apr 03","1.7826"
"04 Apr 03","1.7758"
"03 Apr 03","1.7777"
"02 Apr 03","1.7715"
"01 Apr 03","1.7693"
"31 Mar 03","1.7655"
"28 Mar 03","1.7724"
"27 Mar 03","1.7664"
"26 Mar 03","1.7692"
"25 Mar 03","1.7655"
"24 Mar 03","1.7654"
"21 Mar 03","1.7698"
"20 Mar 03","1.7659"
"19 Mar 03","1.771"
"18 Mar 03","1.7663"
"17 Mar 03","1.76"
"14 Mar 03","1.7573"
"13 Mar 03","1.7499"
"12 Mar 03","1.7472"
"11 Mar 03","1.7372"
"10 Mar 03","1.734"
"07 Mar 03","1.7349"
"06 Mar 03","1.737"
"05 Mar 03","1.732"
"04 Mar 03","1.736"
"03 Mar 03","1.7362"
"28 Feb 03","1.7392"
"27 Feb 03","1.7359"
"26 Feb 03","1.735"
"25 Feb 03","1.7334"
"24 Feb 03","1.7388"
"21 Feb 03","1.742"
"20 Feb 03","1.7447"
"19 Feb 03","1.751"
"18 Feb 03","1.7518"
"17 Feb 03","1.7571"
"14 Feb 03","1.755"
"13 Feb 03","1.7553"
"12 Feb 03","1.7578"
"11 Feb 03","1.7534"
"10 Feb 03","1.7572"
"07 Feb 03","1.7447"
"06 Feb 03","1.7393"
"05 Feb 03","1.7395"
"04 Feb 03","1.7389"
"03 Feb 03","1.742"
"31 Jan 03","1.738"
"30 Jan 03","1.7386"
"29 Jan 03","1.7294"
"28 Jan 03","1.7337"
"27 Jan 03","1.7324"
"24 Jan 03","1.731"
"23 Jan 03","1.7301"
"22 Jan 03","1.7332"
"21 Jan 03","1.7355"
"20 Jan 03","1.731"
"17 Jan 03","1.7322"
"16 Jan 03","1.733"
"15 Jan 03","1.7332"
"14 Jan 03","1.7331"
"13 Jan 03","1.7373"
"10 Jan 03","1.7388"
"09 Jan 03","1.7386"
"08 Jan 03","1.7418"
"07 Jan 03","1.743"
"06 Jan 03","1.7353"
"03 Jan 03","1.7437"
"02 Jan 03","1.7441"
"31 Dec 02","1.7348"
"30 Dec 02","1.7352"
"27 Dec 02","1.737"
"24 Dec 02","1.738"
"23 Dec 02","1.7393"
"20 Dec 02","1.7453"
"19 Dec 02","1.7439"
"18 Dec 02","1.7458"
"17 Dec 02","1.7456"
"16 Dec 02","1.7487"
"13 Dec 02","1.7466"
"12 Dec 02","1.7611"
"11 Dec 02","1.7621"
"10 Dec 02","1.7656"
"09 Dec 02","1.7648"
"06 Dec 02","1.7674"
"05 Dec 02","1.7758"
"04 Dec 02","1.7715"
"03 Dec 02","1.7708"
"02 Dec 02","1.7714"
"29 Nov 02","1.7666"
"28 Nov 02","1.7625"
"27 Nov 02","1.7624"
"26 Nov 02","1.7654"
"25 Nov 02","1.7735"
"22 Nov 02","1.7682"
"21 Nov 02","1.769"
"20 Nov 02","1.7707"
"19 Nov 02","1.7652"
"18 Nov 02","1.7642"
"15 Nov 02","1.7635"
"14 Nov 02","1.7624"
"13 Nov 02","1.7657"
"12 Nov 02","1.762"
"11 Nov 02","1.7617"
"08 Nov 02","1.7588"
"07 Nov 02","1.7631"
"06 Nov 02","1.7665"
"05 Nov 02","1.7582"
"04 Nov 02","1.7627"
"01 Nov 02","1.7639"
"31 Oct 02","1.7655"
"30 Oct 02","1.7711"
"29 Oct 02","1.7687"
"28 Oct 02","1.7776"
"25 Oct 02","1.7736"
"24 Oct 02","1.7802"
"23 Oct 02","1.7784"
"22 Oct 02","1.7835"
"21 Oct 02","1.7843"
"18 Oct 02","1.79"
"17 Oct 02","1.7811"
"16 Oct 02","1.7909"
"15 Oct 02","1.803"
"14 Oct 02","1.801"
"11 Oct 02","1.795"
"10 Oct 02","1.7933"
"09 Oct 02","1.786"
"08 Oct 02","1.7897"
"07 Oct 02","1.7912"
"04 Oct 02","1.7813"
"03 Oct 02","1.7845"
"02 Oct 02","1.7882"
"01 Oct 02","1.7884"
"30 Sep 02","1.7773"
"27 Sep 02","1.7796"
"26 Sep 02","1.7844"
"25 Sep 02","1.7839"
"24 Sep 02","1.7815"
"23 Sep 02","1.7794"
"20 Sep 02","1.7773"
"19 Sep 02","1.7692"
"18 Sep 02","1.7734"
"17 Sep 02","1.7785"
"16 Sep 02","1.7813"
"13 Sep 02","1.7695"
"12 Sep 02","1.7612"
"11 Sep 02","1.7593"
"10 Sep 02","1.7569"
"09 Sep 02","1.7508"
"06 Sep 02","1.7506"
"05 Sep 02","1.7473"
"04 Sep 02","1.7478"
"03 Sep 02","1.7458"
"02 Sep 02","1.7491"
"30 Aug 02","1.7499"
"29 Aug 02","1.7495"
"28 Aug 02","1.748"
"27 Aug 02","1.7464"
"23 Aug 02","1.7562"
"22 Aug 02","1.7564"
"21 Aug 02","1.7491"
"20 Aug 02","1.7496"
"19 Aug 02","1.7517"
"16 Aug 02","1.747"
"15 Aug 02","1.7473"
"14 Aug 02","1.7444"
"13 Aug 02","1.7605"
"12 Aug 02","1.7604"
"09 Aug 02","1.765"
"08 Aug 02","1.7682"
"07 Aug 02","1.7659"
"06 Aug 02","1.7728"
"05 Aug 02","1.7549"
"02 Aug 02","1.753"
"01 Aug 02","1.7629"
"31 Jul 02","1.762"
"30 Jul 02","1.7658"
"29 Jul 02","1.769"
"26 Jul 02","1.7631"
"25 Jul 02","1.7439"
"24 Jul 02","1.7421"
"23 Jul 02","1.7431"
"22 Jul 02","1.734"
"19 Jul 02","1.731"
"18 Jul 02","1.7419"
"17 Jul 02","1.7394"
"16 Jul 02","1.7372"
"15 Jul 02","1.7378"
"12 Jul 02","1.7447"
"11 Jul 02","1.7479"
"10 Jul 02","1.7518"
"09 Jul 02","1.7565"
"08 Jul 02","1.7623"
"05 Jul 02","1.7695"
"04 Jul 02","1.7692"
"03 Jul 02","1.7682"
"02 Jul 02","1.7713"
"01 Jul 02","1.7694"
"28 Jun 02","1.767"
"27 Jun 02","1.7675"
"26 Jun 02","1.7641"
"25 Jun 02","1.7718"
"24 Jun 02","1.7667"
"21 Jun 02","1.77"
"20 Jun 02","1.7786"
"19 Jun 02","1.7855"
"18 Jun 02","1.7934"
"17 Jun 02","1.7901"
"14 Jun 02","1.7877"
"13 Jun 02","1.784"
"12 Jun 02","1.7885"
"11 Jun 02","1.7925"
"10 Jun 02","1.7913"
"07 Jun 02","1.7894"
"06 Jun 02","1.7962"
"05 Jun 02","1.7964"
"31 May 02","1.787"
"30 May 02","1.7855"
"29 May 02","1.7926"
"28 May 02","1.7944"
"27 May 02","1.7974"
"24 May 02","1.7987"
"23 May 02","1.8024"
"22 May 02","1.7928"
"21 May 02","1.7916"
"20 May 02","1.7919"
"17 May 02","1.7949"
"16 May 02","1.8039"
"15 May 02","1.8054"
"14 May 02","1.8077"
"13 May 02","1.8017"
"10 May 02","1.8045"
"09 May 02","1.8093"
"08 May 02","1.8083"
"07 May 02","1.8079"
"03 May 02","1.8039"
"02 May 02","1.8114"
"01 May 02","1.8098"
"30 Apr 02","1.8117"
"29 Apr 02","1.8085"
"26 Apr 02","1.8038"
"25 Apr 02","1.8108"
"24 Apr 02","1.816"
"23 Apr 02","1.8186"
"22 Apr 02","1.8163"
"19 Apr 02","1.8215"
"18 Apr 02","1.8237"
"17 Apr 02","1.8288"
"16 Apr 02","1.8343"
"15 Apr 02","1.8361"
"12 Apr 02","1.8369"
"11 Apr 02","1.8371"
"10 Apr 02","1.8353"
"09 Apr 02","1.8369"
"08 Apr 02","1.8363"
"05 Apr 02","1.8353"
"04 Apr 02","1.8377"
"03 Apr 02","1.8429"
"02 Apr 02","1.8471"
"28 Mar 02","1.8439"
"27 Mar 02","1.8425"
"26 Mar 02","1.8482"
"25 Mar 02","1.8391"
"22 Mar 02","1.8311"
"21 Mar 02","1.8286"
"20 Mar 02","1.8278"
"19 Mar 02","1.8278"
"18 Mar 02","1.8273"
"15 Mar 02","1.8205"
"14 Mar 02","1.8207"
"13 Mar 02","1.8249"
"12 Mar 02","1.8214"
"11 Mar 02","1.8188"
"08 Mar 02","1.8213"
"07 Mar 02","1.8161"
"06 Mar 02","1.8244"
"05 Mar 02","1.8227"
"04 Mar 02","1.8265"
"01 Mar 02","1.8313"
"28 Feb 02","1.8319"
"27 Feb 02","1.8361"
"26 Feb 02","1.833"
"25 Feb 02","1.8311"
"22 Feb 02","1.8324"
"21 Feb 02","1.8311"
"20 Feb 02","1.8285"
"19 Feb 02","1.8304"
"18 Feb 02","1.8287"
"15 Feb 02","1.8247"
"14 Feb 02","1.8215"
"13 Feb 02","1.8291"
"12 Feb 02","1.8297"
"11 Feb 02","1.8313"
"08 Feb 02","1.8339"
"07 Feb 02","1.83"
"06 Feb 02","1.8325"
"05 Feb 02","1.8355"
"04 Feb 02","1.8339"
"01 Feb 02","1.8366"
"31 Jan 02","1.8364"
"30 Jan 02","1.8347"
"29 Jan 02","1.8344"
"28 Jan 02","1.8344"
"25 Jan 02","1.8339"
"24 Jan 02","1.8388"
"23 Jan 02","1.8384"
"22 Jan 02","1.8404"
"21 Jan 02","1.833"
"18 Jan 02","1.8351"
"17 Jan 02","1.8341"
"16 Jan 02","1.8326"
"15 Jan 02","1.8275"
"14 Jan 02","1.8331"
"11 Jan 02","1.8427"
"10 Jan 02","1.8457"
"09 Jan 02","1.8476"
"08 Jan 02","1.8487"
"07 Jan 02","1.8461"
"04 Jan 02","1.845"
"03 Jan 02","1.8486"
"02 Jan 02","1.8521"
"31 Dec 01","1.8465"
"28 Dec 01","1.8505"
"27 Dec 01","1.8536"
"24 Dec 01","1.84"
"21 Dec 01","1.8389"
"20 Dec 01","1.8355"
"19 Dec 01","1.8331"
"18 Dec 01","1.8375"
"17 Dec 01","1.8382"
"14 Dec 01","1.8366"
"13 Dec 01","1.8315"
"12 Dec 01","1.8304"
"11 Dec 01","1.8299"
"10 Dec 01","1.8333"
"07 Dec 01","1.8342"
"06 Dec 01","1.8281"
"05 Dec 01","1.8357"
"04 Dec 01","1.8358"
"03 Dec 01","1.8389"
"30 Nov 01","1.831"
"29 Nov 01","1.8319"
"28 Nov 01","1.8318"
"27 Nov 01","1.834"
"26 Nov 01","1.8345"
"23 Nov 01","1.8392"
"22 Nov 01","1.8404"
"21 Nov 01","1.8375"
"20 Nov 01","1.8359"
"19 Nov 01","1.8408"
"16 Nov 01","1.8355"
"15 Nov 01","1.8336"
"14 Nov 01","1.8256"
"13 Nov 01","1.8256"
"12 Nov 01","1.8199"
"09 Nov 01","1.8225"
"08 Nov 01","1.8174"
"07 Nov 01","1.8142"
"06 Nov 01","1.8179"
"05 Nov 01","1.8208"
"02 Nov 01","1.826"
"01 Nov 01","1.8286"
"31 Oct 01","1.8248"
"30 Oct 01","1.8207"
"29 Oct 01","1.828"
"26 Oct 01","1.828"
"25 Oct 01","1.8262"
"24 Oct 01","1.8296"
"23 Oct 01","1.8267"
"22 Oct 01","1.828"
"19 Oct 01","1.8242"
"18 Oct 01","1.8182"
"17 Oct 01","1.8173"
"16 Oct 01","1.8179"
"15 Oct 01","1.8104"
"12 Oct 01","1.8176"
"11 Oct 01","1.8188"
"10 Oct 01","1.8146"
"09 Oct 01","1.8059"
"08 Oct 01","1.7956"
"05 Oct 01","1.7904"
"04 Oct 01","1.7802"
"03 Oct 01","1.7775"
"02 Oct 01","1.7806"
"01 Oct 01","1.7681"
"28 Sep 01","1.7664"
"27 Sep 01","1.765"
"26 Sep 01","1.7675"
"25 Sep 01","1.7714"
"24 Sep 01","1.7653"
"21 Sep 01","1.7447"
"20 Sep 01","1.7364"
"19 Sep 01","1.7408"
"18 Sep 01","1.7362"
"17 Sep 01","1.734"
"14 Sep 01","1.7324"
"13 Sep 01","1.738"
"12 Sep 01","1.7386"
"11 Sep 01","1.7501"
"10 Sep 01","1.7505"
"07 Sep 01","1.7486"
"06 Sep 01","1.7518"
"05 Sep 01","1.7489"
"04 Sep 01","1.7437"
"03 Sep 01","1.74"
"31 Aug 01","1.7415"
"30 Aug 01","1.7502"
"29 Aug 01","1.7461"
"28 Aug 01","1.7542"
"24 Aug 01","1.7483"
"23 Aug 01","1.7551"
"22 Aug 01","1.752"
"21 Aug 01","1.7563"
"20 Aug 01","1.7587"
"17 Aug 01","1.7516"
"16 Aug 01","1.7466"
"15 Aug 01","1.7464"
"14 Aug 01","1.7573"
"13 Aug 01","1.7578"
"10 Aug 01","1.7599"
"09 Aug 01","1.7762"
"08 Aug 01","1.7763"
"07 Aug 01","1.7805"
"06 Aug 01","1.7817"
"03 Aug 01","1.7754"
"02 Aug 01","1.7778"
"01 Aug 01","1.8037"
"31 Jul 01","1.88"
"30 Jul 01","1.8048"
"27 Jul 01","1.7959"
"26 Jul 01","1.8041"
"25 Jul 01","1.8173"
"24 Jul 01","1.8185"
"23 Jul 01","1.8256"
"20 Jul 01","1.8234"
"19 Jul 01","1.8235"
"18 Jul 01","1.8303"
"17 Jul 01","1.8337"
"16 Jul 01","1.8357"
"13 Jul 01","1.8368"
"12 Jul 01","1.8335"
"11 Jul 01","1.8353"
"10 Jul 01","1.8346"
"09 Jul 01","1.828"
"06 Jul 01","1.8278"
"05 Jul 01","1.825"
"04 Jul 01","1.824"
"03 Jul 01","1.8227"
"02 Jul 01","1.8224"
"29 Jun 01","1.8233"
"28 Jun 01","1.8235"
"27 Jun 01","1.821"
"26 Jun 01","1.8202"
"25 Jun 01","1.819"
"22 Jun 01","1.821"
"21 Jun 01","1.8228"
"20 Jun 01","1.8194"
"19 Jun 01","1.817"
"18 Jun 01","1.8167"
"15 Jun 01","1.8135"
"14 Jun 01","1.815"
"13 Jun 01","1.816"
"12 Jun 01","1.8161"
"11 Jun 01","1.8135"
"08 Jun 01","1.809"
"07 Jun 01","1.809"
"06 Jun 01","1.8135"
"05 Jun 01","1.8117"
"04 Jun 01","1.8157"
"01 Jun 01","1.8125"
"31 May 01","1.8088"
"30 May 01","1.8112"
"29 May 01","1.808"
"25 May 01","1.8095"
"24 May 01","1.8005"
"23 May 01","1.8035"
"22 May 01","1.8089"
"21 May 01","1.8108"
"18 May 01","1.81"
"17 May 01","1.8085"
"16 May 01","1.8126"
"15 May 01","1.819"
"14 May 01","1.8179"
"11 May 01","1.8118"
"10 May 01","1.8166"
"09 May 01","1.8222"
"08 May 01","1.8265"
"04 May 01","1.823"
"03 May 01","1.8199"
"02 May 01","1.8159"
"01 May 01","1.814"
"30 Apr 01","1.8215"
"27 Apr 01","1.819"
"26 Apr 01","1.8155"
"25 Apr 01","1.8165"
"24 Apr 01","1.8141"
"23 Apr 01","1.8073"
"20 Apr 01","1.8135"
"19 Apr 01","1.806"
"18 Apr 01","1.802"
"17 Apr 01","1.809"
"12 Apr 01","1.8045"
"11 Apr 01","1.8075"
"10 Apr 01","1.8123"
"09 Apr 01","1.815"
"06 Apr 01","1.8113"
"05 Apr 01","1.8098"
"04 Apr 01","1.8145"
"03 Apr 01","1.813"
"02 Apr 01","1.8153"
"30 Mar 01","1.8055"
"29 Mar 01","1.8008"
"28 Mar 01","1.7959"
"27 Mar 01","1.793"
"26 Mar 01","1.793"
"23 Mar 01","1.7845"
"22 Mar 01","1.7895"
"21 Mar 01","1.7845"
"20 Mar 01","1.7757"
"19 Mar 01","1.7677"
"16 Mar 01","1.7773"
"15 Mar 01","1.769"
"14 Mar 01","1.766"
"13 Mar 01","1.7603"
"12 Mar 01","1.7608"
"09 Mar 01","1.7562"
"08 Mar 01","1.7572"
"07 Mar 01","1.7585"
"06 Mar 01","1.755"
"05 Mar 01","1.7565"
"02 Mar 01","1.7498"
"01 Mar 01","1.7473"
"28 Feb 01","1.7444"
"27 Feb 01","1.7413"
"26 Feb 01","1.7441"
"23 Feb 01","1.7445"
"22 Feb 01","1.744"
"21 Feb 01","1.744"
"20 Feb 01","1.74"
"19 Feb 01","1.738"
"16 Feb 01","1.739"
"15 Feb 01","1.743"
"14 Feb 01","1.7455"
"13 Feb 01","1.7458"
"12 Feb 01","1.7463"
"09 Feb 01","1.7465"
"08 Feb 01","1.7471"
"07 Feb 01","1.7482"
"06 Feb 01","1.743"
"05 Feb 01","1.7407"
"02 Feb 01","1.7387"
"01 Feb 01","1.738"
"31 Jan 01","1.7437"
"30 Jan 01","1.747"
"29 Jan 01","1.747"
"26 Jan 01","1.7404"
"25 Jan 01","1.7404"
"24 Jan 01","1.742"
"23 Jan 01","1.742"
"22 Jan 01","1.7375"
"19 Jan 01","1.7373"
"18 Jan 01","1.7387"
"17 Jan 01","1.7332"
"16 Jan 01","1.7332"
"15 Jan 01","1.7357"
"12 Jan 01","1.7328"
"11 Jan 01","1.7358"
"10 Jan 01","1.7335"
"09 Jan 01","1.732"
"08 Jan 01","1.7277"
"05 Jan 01","1.7325"
"04 Jan 01","1.7368"
"03 Jan 01","1.7328"
"02 Jan 01","1.7353"
"29 Dec 00","1.734"
"28 Dec 00","1.7315"
"27 Dec 00","1.7328"
"22 Dec 00","1.7255"
"21 Dec 00","1.731"
"20 Dec 00","1.7325"
"19 Dec 00","1.7365"
"18 Dec 00","1.7368"
"15 Dec 00","1.734"
"14 Dec 00","1.7385"
"13 Dec 00","1.7407"
"12 Dec 00","1.7358"
"11 Dec 00","1.733"
"08 Dec 00","1.7365"
"07 Dec 00","1.7345"
"06 Dec 00","1.7432"
"05 Dec 00","1.7435"
"04 Dec 00","1.745"
"01 Dec 00","1.749"
"30 Nov 00","1.754"
"29 Nov 00","1.7563"
"28 Nov 00","1.7555"
"27 Nov 00","1.7535"
"24 Nov 00","1.7595"
"23 Nov 00","1.7565"
"22 Nov 00","1.7537"
"21 Nov 00","1.757"
"20 Nov 00","1.757"
"17 Nov 00","1.7533"
"16 Nov 00","1.7519"
"15 Nov 00","1.744"
"14 Nov 00","1.7436"
"13 Nov 00","1.743"
"10 Nov 00","1.743"
"09 Nov 00","1.7402"
"08 Nov 00","1.7374"
"07 Nov 00","1.737"
"06 Nov 00","1.7315"
"03 Nov 00","1.734"
"02 Nov 00","1.744"
"01 Nov 00","1.7442"
"31 Oct 00","1.7555"
"30 Oct 00","1.7547"
"27 Oct 00","1.7545"
"26 Oct 00","1.7545"
"25 Oct 00","1.753"
"24 Oct 00","1.7513"
"23 Oct 00","1.7541"
"20 Oct 00","1.755"
"19 Oct 00","1.7518"
"18 Oct 00","1.758"
"17 Oct 00","1.7553"
"16 Oct 00","1.7531"
"13 Oct 00","1.7542"
"12 Oct 00","1.7565"
"11 Oct 00","1.7495"
"10 Oct 00","1.7499"
"09 Oct 00","1.7502"
"06 Oct 00","1.748"
"05 Oct 00","1.7502"
"04 Oct 00","1.7503"
"03 Oct 00","1.7455"
"02 Oct 00","1.7408"
"29 Sep 00","1.7403"
"28 Sep 00","1.7437"
"27 Sep 00","1.7431"
"26 Sep 00","1.7413"
"25 Sep 00","1.7475"
"22 Sep 00","1.748"
"21 Sep 00","1.7465"
"20 Sep 00","1.7488"
"19 Sep 00","1.7432"
"18 Sep 00","1.7482"
"15 Sep 00","1.7435"
"14 Sep 00","1.74"
"13 Sep 00","1.743"
"12 Sep 00","1.7417"
"11 Sep 00","1.7377"
"08 Sep 00","1.736"
"07 Sep 00","1.732"
"06 Sep 00","1.73"
"05 Sep 00","1.7275"
"04 Sep 00","1.7225"
"01 Sep 00","1.7205"
"31 Aug 00","1.721"
"30 Aug 00","1.7232"
"29 Aug 00","1.7205"
"25 Aug 00","1.7205"
"24 Aug 00","1.7214"
"23 Aug 00","1.7189"
"22 Aug 00","1.7165"
"21 Aug 00","1.7165"
"18 Aug 00","1.7186"
"17 Aug 00","1.7167"
"16 Aug 00","1.7172"
"15 Aug 00","1.7195"
"14 Aug 00","1.7164"
"11 Aug 00","1.7134"
"10 Aug 00","1.7147"
"09 Aug 00","1.7208"
"08 Aug 00","1.7263"
"07 Aug 00","1.7273"
"04 Aug 00","1.7209"
"03 Aug 00","1.7239"
"02 Aug 00","1.7275"
"01 Aug 00","1.7318"
"31 Jul 00","1.7341"
"28 Jul 00","1.7345"
"27 Jul 00","1.7339"
"26 Jul 00","1.7426"
"25 Jul 00","1.7452"
"24 Jul 00","1.7445"
"21 Jul 00","1.7475"
"20 Jul 00","1.746"
"19 Jul 00","1.7456"
"18 Jul 00","1.7465"
"17 Jul 00","1.7476"
"14 Jul 00","1.743"
"13 Jul 00","1.7425"
"12 Jul 00","1.7435"
"11 Jul 00","1.7433"
"10 Jul 00","1.7384"
"07 Jul 00","1.7381"
"06 Jul 00","1.7365"
"05 Jul 00","1.7375"
"04 Jul 00","1.7335"
"03 Jul 00","1.7315"
"30 Jun 00","1.7293"
"29 Jun 00","1.7342"
"28 Jun 00","1.7352"
"27 Jun 00","1.7329"
"26 Jun 00","1.7338"
"23 Jun 00","1.7315"
"22 Jun 00","1.7345"
"21 Jun 00","1.7336"
"20 Jun 00","1.7335"
"19 Jun 00","1.7321"
"16 Jun 00","1.726"
"15 Jun 00","1.7223"
"14 Jun 00","1.7207"
"13 Jun 00","1.7"
"12 Jun 00","1.7223"
"09 Jun 00","1.7223"
"08 Jun 00","1.7208"
"07 Jun 00","1.7228"
"06 Jun 00","1.72"
"05 Jun 00","1.7207"
"02 Jun 00","1.7242"
"01 Jun 00","1.7"
"31 May 00","1.7332"
"30 May 00","1.7"
"26 May 00","1.7"
"25 May 00","1.733"
"24 May 00","1.7"
"23 May 00","1.7343"
"22 May 00","1.7327"
"19 May 00","1.7275"
"18 May 00","1.734"
"17 May 00","1.734"
"16 May 00","1.7325"
"15 May 00","1.733"
"12 May 00","1.7277"
"11 May 00","1.726"
"10 May 00","1.729"
"09 May 00","1.7289"
"08 May 00","1.723"
"05 May 00","1.7215"
"04 May 00","1.7207"
"03 May 00","1.7205"
"02 May 00","1.72"
"28 Apr 00","1.707"
"27 Apr 00","1.7057"
"26 Apr 00","1.7065"
"25 Apr 00","1.7033"
"20 Apr 00","1.6975"
"19 Apr 00","1.6985"
"18 Apr 00","1.6987"
"17 Apr 00","1.706"
"14 Apr 00","1.7062"
"13 Apr 00","1.7155"
"12 Apr 00","1.719"
"11 Apr 00","1.7197"
"10 Apr 00","1.7194"
"07 Apr 00","1.7873"
"06 Apr 00","1.7127"
"05 Apr 00","1.7178"
"04 Apr 00","1.7178"
"03 Apr 00","1.7165"
"31 Mar 00","1.7105"
"30 Mar 00","1.7193"
"29 Mar 00","1.7156"
"28 Mar 00","1.7143"
"27 Mar 00","1.715"
"24 Mar 00","1.7157"
"23 Mar 00","1.711"
"22 Mar 00","1.7125"
"21 Mar 00","1.7191"
"20 Mar 00","1.72"
"17 Mar 00","1.716"
"16 Mar 00","1.7117"
"15 Mar 00","1.7133"
"14 Mar 00","1.7097"
"13 Mar 00","1.7068"
"10 Mar 00","1.7038"
"09 Mar 00","1.708"
"08 Mar 00","1.7137"
"07 Mar 00","1.7203"
"06 Mar 00","1.725"
"03 Mar 00","1.7248"
"02 Mar 00","1.7203"
"01 Mar 00","1.7185"
"29 Feb 00","1.7237"
"28 Feb 00","1.719"
"25 Feb 00","1.7107"
"24 Feb 00","1.7163"
"23 Feb 00","1.7135"
"22 Feb 00","1.7078"
"21 Feb 00","1.7063"
"18 Feb 00","1.7045"
"17 Feb 00","1.7052"
"16 Feb 00","1.704"
"15 Feb 00","1.6958"
"14 Feb 00","1.6965"
"11 Feb 00","1.6955"
"10 Feb 00","1.692"
"09 Feb 00","1.6913"
"08 Feb 00","1.6958"
"07 Feb 00","1.6945"
"04 Feb 00","1.6915"
"03 Feb 00","1.6938"
"02 Feb 00","1.6985"
"01 Feb 00","1.6985"
"31 Jan 00","1.7003"
"28 Jan 00","1.7075"
"27 Jan 00","1.692"
"26 Jan 00","1.6945"
"25 Jan 00","1.6855"
"24 Jan 00","1.6822"
"21 Jan 00","1.6762"
"20 Jan 00","1.6765"
"19 Jan 00","1.6768"
"18 Jan 00","1.6727"
"17 Jan 00","1.6743"
"14 Jan 00","1.6753"
"13 Jan 00","1.67"
"12 Jan 00","1.6685"
"11 Jan 00","1.6687"
"10 Jan 00","1.661"
"07 Jan 00","1.6615"
"06 Jan 00","1.6656"
"05 Jan 00","1.6567"
"04 Jan 00","1.653"